article_id,title,published_date,section,body_text,url
1263311,"후반기 국회 원 구성 ‘법사위원장’ 신경전…국힘 “양보해”, 민주 “불가능”",2026-06-12,정치,"더불어민주당과 국민의힘이 후반기 국회 원 구성 협상에 돌입했다. 국민의힘은 “국회 정상화”를 내걸고 국회 법제사법위원장과 경제 관련 상임위원장 자리를 요구하고 있다. 더불어민주당은 “법사위는 협상의 대상이 아니”라며 쉽게 양보하지 않겠다고 맞섰다. 정점식 국민의힘 원내대표는 12일 국회 기자간담회에서 “국민의힘의 22대 국회 후반기 원 구성 협상에 임하는 원칙은 국회의 정상화, 견제와 균형의 복원”이라며 이렇게 밝혔다. 정 원내대표는 “후반기 국회 원 구성은 6·3 지방선거로 나타난 견제와 균형의 민심을 온전히 반영해야 한다”며 “2년 전 이재명 대표 시절 이뤄진 비정상적 전반기 국회 원 구성에 따른 독주와 파행은 이제 끝내야 한다”고 했다. 정 원내대표는 “무엇보다 법사위 정상화가 시급하다”며 “법사위는 야당 몫으로 돌려놓아야 한다”고 했다. 이어 “법사위원장의 제자리 복원은 정청래-추미애 법사위원장 중심의 입법 독재를 종식시키고 견제와 균형의 국회를 되살리기 위한 필수 요소”라고 덧붙였다. 법사위는 다른 상임위원회에서 통과한 법안을 체계·자구 심사하는 입법 과정의 ‘게이트 키퍼’ 역할을 한다. 여야 모두 법사위원장 자리를 두고 신경전을 벌이는 이유다. 정 원내대표는 재정경제기획위원장·정무위원장·산업통상자원중소벤처기업위원장·국토교통위원장도 가져오겠다고 했다. 그는 “6·3 지방선거를 통해 고환율·고물가·고금리 ‘3고’와 부동산 시장 불안 등 이재명 정부의 경제 실정에 대한 심판의 민심이 확인됐다”며 “경제, 부동산 정책 기조 전환을 주도하기 위해 경제 관련 상임위, 즉 재경위, 정무위, 산중위, 국토위는 야당이 맡아야 한다”고 강조했다. 민주당은 국민의힘 요구를 일축했다. 한병도 민주당 원내대표는 이날 광주 김대중컨벤션센터에서 열린 현장 최고위원회의에서 “현재 국민의힘에서 법사위를 양보하라고 주장하는데 저의가 무엇인지 상당히 우려스럽다”며 “전반기 국회에서도 정무위·외교통일위·국방위 등 국민의힘이 위원장을 맡은 상임위 입법 진행 속도가 상당히 더뎠다”고 했다. 한 원내대표는 그러면서 “국민의힘이 법사위를 가져간다면 국정 과제와 민생 현안을 발목잡을 게 자명하다. 민주당은 이를 용인할 생각이 추호도 없다”며 “일하는 국회, 성과를 내는 국회를 만드는 것이 원 구성의 원칙”이라고 재차 강조했다. 민주당은 법사위뿐 아니라 경제 관련 상임위원장 또한 최대한 확보하겠다는 입장이다. 원내지도부 관계자는 한겨레와 한 통화에서 “협상이 어떻게 진전될지 아직 알 수 없지만, 특히 정무위, 재경위에서 중요 개혁 과제 이행이 더디다는 목소리들이 많았고 소속 의원들도 많이 답답해했다”며 “후반기에는 관련 상임위를 민주당이 맡아 개혁 입법에 속도를 내야 한다는 공감대가 있다”고 했다.",https://www.hani.co.kr/arti/politics/politics_general/1263311.html
1263306,"장동혁, 당 지지율 오르자 “내가 정신승리? 그들이 정신패배”",2026-06-12,정치,"6·3 지방선거 패배 책임론이 부닥친 장동혁 국민의힘 대표가 당 지지율이 올랐다는 이유를 들며 정면 돌파하겠다는 의지를 보이고 있다. 장 대표 거취를 두고 내홍이 깊어지는 가운데 다음주 열릴 의원총회가 분수령이 될 전망이다. 장 대표는 12일 페이스북에 한 여론조사 결과를 공유하며 “장동혁이 정신승리? 그들의 정신패배!”라는 글을 올렸다. 장 대표가 올린 여론조사는 에스티아이가 오마이뉴스 의뢰로 지난 7∼8일 실시한 자동응답(ARS) 방식의 조사로, 지방선거 결과에 불만족한 국민의힘 지지층 가운데 ‘지도부 책임론에 동의하지 않는다’는 응답은 59.4%로, ‘동의한다’는 응답(36%)보다 높게 나타났다. 장 대표가 선거 참패 책임론을 정면으로 반박하며 자신에게 사퇴를 요구하는 이들을 겨냥한 것으로 풀이된다. 장 대표는 3시간 여 뒤 또 다른 페이스북 글에선 “청년과 시민들이 대한민국 자유민주주의를 걸고 싸우고 있는 와중, 저들은 ‘용어’ 시비에 바쁘다”며 “부정선거라고 부르면 극우라고 폄훼하고, 음모론자로 몰아간다. 부정선거라고 외칠 자유까지 뺏으려 한다”고 주장했다. 그는 “진실이 밝혀지는 것이 두려운 세력들이 시민들의 저항 동력을 떨어뜨리고 방해하려는 것”이라며 “부정선거라고 외치는 순수한 청년들을 음모론의 프레임에 가둬서는 안 된다”고 했다. 장 대표는 전날 저녁 페이스북 글에선 “민주당은 민주당이 패배했다며 정청래 대표 ‘사퇴’를 요구하고 있다. 국민의힘은 국민의힘이 패배했다며 장동혁 ‘사퇴’를 외치고 있다”며 “참 요상한 일이다. 양당 대표들이 ‘가위바위보’라도 해야 할 판”이라고 적었다. 그러면서 “당 지지율 골든크로스도 소용없다. 국민의힘이 더 선전했다는 여론조사 결과는 쳐다보지도 않는다”며 “지금이야말로 국민만 보고 갈 때”라고 했다. 당 지도부 관계자는 “장 대표가 사퇴해야 한다면 지금 당 지지율이 오르는 건 어떻게 해석해야 하나”라며 “이번 선거는 쉽지 않은 선거였지만 장 대표가 선방했다고 보는 시각도 있는데, 사퇴까진 명분이 없다”고 했다. 한국갤럽이 지난 9∼11일 실시한 정당 지지율 조사(휴대전화 가상번호 전화 인터뷰)에서, 국민의힘은 3주 전보다 7%포인트 오른 29%로 집계됐다.(자세한 사항은 중앙선거여론조사심의위원회 누리집 참조) 그럼에도 당내 장 대표 사퇴론은 계속 분출하는 분위기다. 국민의힘 개혁파 의원 모임인 ‘대안과 미래’ 간사 이성권 의원은 이날 페이스북을 통해 “(장 대표가) 자신에 대한 사퇴 요구를 ‘가위바위보’라고 장난처럼 폄훼한 것은 존엄한 국민주권에 대한 조롱”이라며 “(광역단체장 선거 결과인) ‘12대 4’는 누가 봐도 부인할 수 없는 참패다. 조건 없이 물러나 ‘요상한 대표’가 되지 말라”고 장 대표 사퇴를 거듭 촉구했다. 전날 최고위원회의에서 ‘지도부 총사퇴’를 공개 요구한 친한동훈계 우재준 청년 최고위원도 이날 에스비에스(SBS) 라디오에서 “제가 느끼기에는 물밑에서 장 대표가 사퇴해야 된다고 생각하는 사람들이 다수”라며 “(의원 중) 70~80% 이상이 되지 않을까”라고 했다. 장 대표 거취 문제는 다음주 열릴 당 의원총회가 분기점이 될 전망이다. 대안과 미래는 전날 장 대표 사퇴를 논의할 의총 소집을 다음주 화요일까지 열어달라고 정점식 원내대표에게 요청한 바 있다. 정 원내대표는 이날 기자회견에서 “의총 개최 여부는 일요일까지 고민해 결정하겠다”고 했다. 원내지도부 한 관계자는 “다음주에 본회의가 있어서 의총은 열리겠지만, 장 대표 사퇴에 대해 여러 얘기가 나오더라도 그날 바로 결론을 내리긴 어렵지 않겠나”라고 했다. 한 개혁파 의원은 “장 대표 사퇴가 바로 실현되긴 어렵더라도, 봇물처럼 터져 나올 것”이라고 했다.",https://www.hani.co.kr/arti/politics/politics_general/1263306.html
1263292,"‘투표지 부족’ 보고 왜 늦었나…“직원 모두 일련번호 넘버링, 배송하느라”",2026-06-12,정치,"6·3 지방선거 당일 투표용지 부족 사태가 벌어진 서울 송파구 투표소에서 현장 직원들이 오전부터 투표용지 부족을 우려했으나 현장상황에 대응하느라 서울시선거관리위원회와 중앙선관위에 제때 보고가 이뤄지지 않은 것으로 나타났다. 부족한 투표용지를 투표소로 이송하는 과정에는 사회복무요원까지 동원된 것으로 조사됐다. 조현욱 선관위 진상규명위원장은 12일 경기 과천시 중앙선관위에서 3차 위원회의를 마친 뒤 언론 브리핑에서 이렇게 밝혔다. 3일 송파구에서 벌어진 투표 용지 부족 상황을 시간대별로 살펴보면, 송파구 선관위 직원이 ‘투표율이 예상보다 높다’며 서울시선관위에서 제작한 투표용지(교육감, 서울시장, 시비례)의 일련번호 제공을 요청한 건 오전 11시50분께였다. 오전 11시58분께 오금동 투표소에서 송파구선관위 쪽에 투표용지가 부족하면 어떻게 대처해야 하는지 묻기도 했다. 서울시선관위는 오전 11시56분 투표용지에 1차 일련번호를 부여했다. 오후 1시40분 시장·교육감·시비례의 무번호 투표용지에 대한 일련번호 부여를 시작했다. 오후 2시20분 잠실4동 7투표소로 부족한 투표용지 배송이 시작됐다. 오후 3시45분 잠실7동 2투표소에서도 투표용지 200매가 필요하다고 요청했다. 오후 4시46분께엔 잠실7동 2투표소 참관인에게 투표용지 부족 사실을 고지하고 투표를 일시 중단했다. 대기중인 유권자에게 대기표가 발급된 것도 이 시점이다. 송파구선관위는 오후 4시46분께 투표용지를 6군데 정도 배부했는데, 조 위원장은 “동시다발적인 투표용지 요청으로 무번호 투표용지에 일련번호 부여가 불가해 (일련번호) 미기재 상태로 배부하기로 했다”고 덧붙였다. 혼란은 계속됐다. 오후 5시5분께 투표용지 소진으로 유권자가 투표하지 못하고 대기하는 상황이 발생하자, 무번호 투표용지를 일련번호 없이 보내고 투표관리관 등이 현장에서 일련번호를 기재하도록 안내했다. 오후 5시9분께 10군데 넘는 투표소에서 용지가 부족하다는 요청이 빗발치자 무번호 투표용지도 거의 소진돼버린 상황이 벌어졌다. 이에 인근 투표소에 보유하고 있는 잔여 투표용지를 빌려 부족한 투표소로 이송하기 시작했고, 오후 5시20분께 투표종료 시각이 임박해 상급위원회로 사전투표용 투표용지 발급기를 이용한 투표용지 발급이 가능한지 문의하기도 했다. 오후 5시30분께 투표관리관들은 대기 중인 유권자들에게 번호표를 배부하고 오후 6시 이후엔 ‘번호표 배부가 불가하다’고 안내했다. 투표가 마무리돼야 할 오후 6시께 잠실7동 2투표소는 인근 투표소에서 보유하고 있는 잔여 투표용지를 빌려와 200매를 추가로 수령했다. 오후 8시35분께 대기표를 받은 선거인이 신분증과 대기표를 지참하고 투표하도록 안내했다. 당시 대기표를 받은 사람 가운데 그 시각까지 투표하지 않은 인원은 17명이었다. 오후 8시50분께 서울시선관위 직원이 잠실7동 2투표소를 방문한 뒤 투표 시간을 오후 10시까지 연장했다. 조 위원장은 시간대별 대응상황을 짚은 뒤 “총체적 부실에 따른 진행상 문제가 있었다”고 했다. 조 위원장은 “투표용지 이송 시 인계·인수서를 작성해야 하며 작성이 어려울 경우 투표록 특기사항에 수령매수, 일련번호를 반드시 기재해야 하나 이런 절차가 지켜지지 않았다”고 지적했다. 이어 “무번호 투표용지에 일련번호를 기재해 각 투표소로 배부할 때, 선관위 직원이 직접 배송하다가 오후 4시30분부터는 동 간사·서기, 사무보조원, 사회복무요원까지 동원돼 (투표용지를) 배송하거나, 투표소에서 동 간사 서기가 위원회로 직접 방문하여 수령하는 사태가 발생했다”고 덧붙였다. 조 위원장은 “송파구 선관위 직원들이 모두 동원돼 무번호 투표용지 일련번호 넘버링을 하고 투표소에 직접 배송하고 있어 현장상황에 대응하지 못했다”며 “서울시선관위와 중앙선관위에 보고를 하지 못해 체계적인 현장 대응이 이뤄지지 않고 있었다”고 했다. 조 위원장은 그러면서 “투표용지 부족에 따른 업무절차 등 편람, 지침 관련 규정이 없었고, 무번호 투표용지에 대한 넘버링 기계도 평소 사용하지 않던 기구로 사용법을 숙지하기까지 많은 시간이 소요됐다”고 했다.",https://www.hani.co.kr/arti/politics/politics_general/1263292.html
1263281,"[뉴스 다이브] 윤, ‘무인기’ 1심 징역 30년",2026-06-12,정치,"출연: 노영희 변호사,장윤미 민주당 대변인,김완 한겨레21 취재2팀 팀장. 진행: 고현준. 갤럽, 대통령 국정 지지율 57%...민주 41% 국힘 29%/격해지는 ‘사퇴론’...정청래, 24일 전후 사퇴 가닥?/민주 대표 선호도 양자대결 김민석 58.7% 정청래 26.4%/새벽에 ‘보완수사권 전면 폐지’ SNS 올린 정청래...왜?/국힘 초재선 의원들 “6·3 지선 참패...장동혁 물러나라”/‘비상임’ 선관위원장 노태악, 선거 전 3개월간 절반만 출근/윤석열, ‘평양 무인기’ 1심 징역 30년...“계엄 하려 비상...”/이화영 국민참여재판...진행 상황은? 오늘 (6월 12일) 뉴스 다이브 많은 시청바랍니다.",https://www.hani.co.kr/arti/politics/politics_general/1263281.html
1263272,나경원 “내가 오세훈이라면 지금 당장 재선거 선언”,2026-06-12,정치,"나경원 국민의힘 의원이 12일 투표용지 부족 사태가 벌어진 지역구의 재선거를 주장하며 “내가 (오세훈) 서울시장 당선인이라면 지금 당장 잠실 올림픽공원 현장으로 가서 재선거를 선언했을 것”이라고 말했다. 나 의원은 이날 오전 국회 소통관에서 기자회견을 열어 “까도까도 선거관리위원회의 부실과 부정이 계속 드러나고 있다. 6·3 지방선거, 문제 있는 선거구는 반드시 재선거해야 한다”며 이렇게 주장했다. 이날 기자회견문에는 나 의원을 비롯해 김선교·유상범·조승환·곽규택·주진우·최수진·박충권 의원이 이름을 올렸다. 이들은 “투표하지 못한 숫자가 당락을 바꿀 규모가 아니라고 해서 주권자의 참정권을 원천 봉쇄한 헌법적 위법성마저 덮어지는 것은 아니다”라며 “선거의 유효성은 결과적 득표 차가 아니라 절차의 헌법적 정당성에 있다”고 했다. 나 의원은 선관위 귀책사유로 투표권이 차단될 경우 선거 결과와 무관하게 선거를 전면 내지 일부 무효로 할 수 있도록 하는 것을 뼈대로 한 공직선거법 개정안을 발의했다고 밝혔다. 그는 “현행 ‘선거일 후 14일 이내’로 지나치게 짧은 소청 기간을 ‘당선인 결정일부터 30일 이내’로 연장했다”고 설명했다. 나 의원은 선관위 해체와 관외 사전투표 제도 폐지 등도 주장했다. 그는 “선관위는 헌법이 부여한 최소한의 관리 기능만 남기고, 투·개표 등 막대한 예산과 인력이 투입되는 선거 집행 실무를 타 기관에 위임하는 방안도 검토해야 한다”며 관외 사전투표는 폐지하고, 관내 사전투표는 본 투표 직전 단 하루만 하자고 했다. 그는 “본 투표와 동일한 장소에서 진행해 투표함 이송 과정의 불신을 원천 차단해야 한다”고 했다. 나 의원은 기자회견이 끝난 뒤 장동혁 국민의힘 대표의 ‘전면 재선거’ 주장에 대해선 “참정권을 회복하기 위한 방법이 전면 재선거일 수도 있고 부분 재선거일 수도 있다”며 “부분 재선거 정도가 맞지 않나 싶다”고 했다.",https://www.hani.co.kr/arti/politics/politics_general/1263272.html
1263266,"통일부, ‘윤석열 평양 무인기 선고’에 “북한 도발 유도는 참담한 비극”",2026-06-12,정치,"‘평양 무인기 침투 작전’을 벌인 혐의로 12일 징역 30년을 선고받은 윤석열 전 대통령에 대해 정부가 “전직 대통령이 국가 안보와 국민 안전에 대한 책임을 저버리고 한반도를 전쟁의 위기로 몰아넣은 것은 역사적 비극이자 결코 용납될 수 없는 행위”라고 밝혔다. 통일부는 이날 입장문을 내어 “오늘 재판부는 윤 전 대통령이 비상계엄 상황을 조성할 목적으로 평양에 무인기를 침투시켜 북한의 도발을 유도했다고 판단하고, 징역 30년을 선고했다”며 이렇게 전했다. 통일부는 “정부는 이런 참담한 비극이 다시는 되풀이되지 않고 한반도 평화공존과 국민주권 대북정책이 확고하게 자리매김할 수 있도록 노력할 것”이라고 했다. 앞서 이날 서울중앙지법 형사36부(재판장 이정엽)는 일반이적, 직권남용 권리행사방해 등의 혐의를 받는 윤 전 대통령에게 1심에서 징역 30년을 선고했다. 재판부는 윤 전 대통령이 “비상계엄 선포 권한을 위해 일부러 비상사태를 만든 것”이라고 판단했다. 함께 기소된 김용현 전 국방부 장관도 징역 30년을 선고받았고, 여인형 전 국군방첩사령관은 징역 15년을 선고받았다. 무인기 작전을 지휘해 직권남용과 군용물손괴교사 혐의를 받은 김용대 전 드론작전사령관에는 징역 3년에 집행유예 5년이 선고됐다.",https://www.hani.co.kr/arti/politics/politics_general/1263266.html
1263264,"‘윤석열 징역 30년’에…민주 “반역의 대가, 사필귀정”",2026-06-12,정치,"계엄 명분용으로 북한 도발을 유도하기 위해 평양 무인기 침투 작전을 펼쳐 일반이적 혐의로 기소된 윤석열 전 대통령에게 1심에서 징역 30년이 선고되자 더불어민주당은 “반역의 대가”이자 “사필귀정”이라는 반응을 보였다. 김한나 민주당 대변인은 12일 서면브리핑을 내어 “징역 30년 선고는 국가안보를 권력 연장의 도구로 삼은 반국가 범죄에 대한 사법부의 엄중한 심판”이라며 “사필귀정”이라며 말했다. 김 대변인은 “국군통수권자의 책무는 국민을 전쟁의 불길에서 지키는 것이지만 대통령 윤석열은 안보를 방패로 삼기는커녕, 안보를 칼로 삼아 헌정질서를 파괴하고 국민의 생명을 위협했으며, 한반도를 전쟁 위기로 몰아세웠다”고 지적했다. 그러면서 “다시는 안보를 가장한 내란적 외환 행위, 평화를 위협한 권력의 폭주로 국민의 생명을 정치적 도박 판돈으로 삼지 못하도록 끝까지 그 책임을 묻고 기억하겠다”고 덧붙였다. 박주민 민주당 의원은 이날 페이스북에서 윤 전 대통령을 “대한민국 역사의 대역죄인”이라 부르며 이번 선고 결과를 “지극히 당연한 결과”라고 말했다. 박 의원은 “본인의 정치적 목적을 위해, 전쟁의 위험을 명분 삼아 지켜야 할 국민을 향해 반대로 총을 겨눈 죄의 무게가 이제야 법의 이름으로 확인됐다”며 “국민을 배신하고 헌정을 무너뜨린 자들에게 어떤 대가가 따르는지 역사에 분명히 남겨야, 다시는 이런 자들이 나타나지 않는다”고 덧붙였다. 한준호 민주당 의원 역시 이날 페이스북에 글을 올려 “징역 30년은 반역의 대가”라며 “대한민국을 위험에 빠뜨린 죄의 무게에 비하면 가볍다”고 말했다. 한 의원은 12·3 내란에 대해 “우발적인 사건이 아니었다”며 “계엄을 위해 전쟁 위기를 만들고, 권력을 위해 민주주의와 헌법을 짓밟은 계획된 범죄였다”고 말했다. “사필귀정”(이광희 의원)이라는 평가와 함께 “국가원수가 군사상 이익을 침해함으로써 국민의 생명과 안전을 위해한 것에 비하면 결코 높지 않은 형량”(김남준 의원)이라는 지적도 나왔다. 박병언 조국혁신당 선임대변인은 이날 논평에서 “자신의 정치적 위기를 ‘대한민국판 매카시즘’과 비상계엄 실행으로 돌파하려 했던 윤석열에 대해, 법원은 망상을 중단하라고 엄벌에 처했다”며 “법원의 메시지는 명확하다. 북한을 이용해 국내 정치를 하려는 기획은 이제 용납될 수 없다는 것”이라고 밝혔다. 손솔 진보당 수석대변인도 이날 서면브리핑에서 “징역 30년은 반역에 대한 역사적 단죄”라며 “사필귀정”이라고 말했다. 손 대변인은 “이번 판결은 권력 유지와 사익을 위해 국가와 국민을 전쟁의 위기 속으로 몰아넣은 권력자들에 대한 준엄한 심판”이라며 “정권을 위해 남북 군사 충돌을 유도하고 전쟁까지 불사하려 했던 이들의 광기는 결코 용납될 수 없는 반역”이라고 강조했다. 서울중앙지법 형사36부(재판장 이정엽)는 이날 윤 전 대통령의 일반이적, 직권남용 권리행사방해 등 혐의 1심 선고공판을 열어 윤 전 대통령에게 징역 30년을 선고했다. 같은 혐의로 재판에 넘겨진 김용현 전 국방부 장관에게도 징역 30년을, 여인형 전 국군방첩사령관에게는 징역 15년을 선고했다. 무인기 작전을 지휘해 직권남용과 군용물손괴교사 혐의를 받은 김용대 전 드론작전사령관에는 징역 3년에 집행유예 5년이 선고됐다. 윤 전 대통령 등은 비상계엄 선포 명분을 쌓기 위해 북한 도발을 유도할 목적으로 2024년 10~11월 무인기 작전을 단행한 혐의를 받는다. 재판부는 “윤 전 대통령, 김 전 장관, 여 전 사령관은 비상계엄 선포 권한을 위해 일부러 비상사태를 만든 것”이라고 밝혔다.",https://www.hani.co.kr/arti/politics/politics_general/1263264.html
1263257,"[단독] 선관위원장 오후 3시 출근, 5시30분 퇴근도…‘이틀에 한 번꼴’ 일했다",2026-06-12,정치,"중앙선거관리위원회의 선거 시스템 관리부실이 연일 지적되는 가운데, 노태악 전 중앙선거관리위원장이 선거를 앞둔 3개월 동안 실제 출근한 날이 절반에 불과했던 것으로 확인됐다. 선관위원장은 비상임직으로 출퇴근 의무가 없다는 점을 고려하더라도, 선거관리 업무에 충실했다고 보기 어려운 지점이다. 12일 윤건영 더불어민주당 의원실이 중앙선거관리위원회로부터 제출받은 자료를 보면, 노 전 위원장이 대법관에서 퇴임한 3월3일 이후 선거일까지 법정근무일 60일 중 노 전 위원장이 업무를 수행한 날은 총 34일로 절반이 겨우 넘는 수준이다. 선거 앞둔 60일 중 34일만 출근 정확한 출퇴근시간이 확인 가능한 29일 중 오전 9시까지 출근한 날은 단 하루에 불과하다. 절반에 가까운 14일은 오후에 출근했고, 오후 4시에 출근한 날도 있었다. 반면 퇴근 시간은 일렀는데, 오후 6시 전에 퇴근한 날이 총 21일이다. 선거 당일에는 오전 9시30분에 출근했다. 업무를 수행한 날에도 청사 근무시간이 2시간 안팎인 날이 적지 않았다. 예컨대 본 투표일 일주일 전인 5월27일, 노 전 위원장은 오후 3시5분에 출근해 오후 5시30분 퇴근했다고 기록돼있다. 3월11일에는 오전 10시55분에 사무실에 나왔다가 낮 12시50분에 퇴근해 1시간55분 동안 근무했다고 기록돼있다. 이러한 근태가 가능한 이유는 중앙선관위원장은 비상임직으로 정해진 출퇴근 의무가 없기 때문이다. 중앙선관위원장은 관례상 대법관 중 한명이 겸직하는데, 본업이 있는 상황에서 선관위 업무에 충실하기 힘들다는 문제가 오래전부터 지적돼왔다. 비상임 체제를 고쳐야 한다는 주장이 제기되는 이유다. 다만 노 전 위원장은 선거를 3개월 앞둔 지난 3월3일자로 대법관을 퇴임해 사실상 전업으로 선관위원장 업무에 집중할 수 있는 상황이었다. 선관위 “과거 위원장들에 비해 자주 출근” 중앙선관위는 선관위 업무 특성상 노 전 위원장의 근태에 문제가 있다고 보기 힘들다는 입장이다. 중앙선관위 관계자는 한겨레에 “3∼4월에는 위원장이 실시간으로 보고받아야 할 사안이 많지 않다. 후보자등록 이후로 업무량이 급증하는 시기에는 거의 매일 출근하셨다”며 “비상근직으로 출퇴근시간이 정해진 것도 아니기에 출근 시간이 늦다고 해서 업무에 소홀했다고 보기는 힘들다. 오히려 과거(선관위원장들)에 비해 자주 출근하셨다”고 말했다. 노 전 위원장이 선거 당일 늦게 출근한 데 대해서는 “오전 9시에 투표하고 바로 출근하셨다. 더 일찍 투표할 수도 있었겠지만, 언론취재 편의상 9시에 하셨다고 알고 있다”고 했다.",https://www.hani.co.kr/arti/politics/politics_general/1263257.html
1263240,광주서 절치부심하려던 민주당…지도부 또 ‘공개 충돌’,2026-06-12,정치,"더불어민주당 지도부 의원들이 12일 광주에서 열린 현장 최고위원회의에서 또 한 번 공개 충돌했다. 6·3 지방선거 평가와 8월 전당대회를 앞두고 당내 갈등이 격화하는 가운데 정청래 대표 책임론과 사퇴 요구가 재차 제기됐고, 또 다른 당권 주자로 거론되는 김민석 국무총리를 향한 공개 비판까지 나왔다. 이날 광주 김대중 컨벤션 센터에서 열린 현장 최고위원회의에서 황명선 최고위원은 “우리는 6·3 지방선거에서 승리하지 못했다. 실패했다. 이길 수 있는 곳, 져서는 안 되는 곳에 저를 포함한, 당 대표를 포함한 지도부 모두가 부족했다”며 “지도부의 책임 있는 자세를 촉구한다”고 했다. 뒤이어 발언에 나선 강득구 최고위원도 지난 10일 정청래 대표의 “국민은 영원하고 정권은 짧다”는 발언을 염두에 둔 듯 “국민과 당원은 영원하지만 당권은 짧다”고 포문을 열었다. 강 최고위원은 “정치는 정치인이 하지만 평가와 판단, 심판은 국민의 몫이라는 진리 또한 가슴에 새겨야 한다”며 “불편한 목소리를 회피해선 안 되고 비판을 공격으로 받아들여선 안 된다. 끝까지 듣고 책임지는 정당이 돼야 한다”고 했다. 그러자 정 대표와 가까운 문정복 최고위원이 “큰 물길을 앞에 두고 배 안에서 서로 노를 빼앗아서는 안 된다”며 반격에 나섰다. 문 최고위원은 “선거가 끝나면 평가는 필요하다. 그러나 평가가 분열의 언어가 되어선 안 된다”며 “선거 결과를 이유로 당을 흔들고 당원들의 선택보다 앞서 당의 방향을 정하려는 듯한 말과 행동은 결코 민주당스럽지 않다”고 했다. 문 최고위원은 이어 “이재명 대통령께서 국익을 위해 해외순방을 나선 시간일수록 당과 정부는 더욱 공고하게 국정을 뒷받침해야 한다”며 “(김민석 국무)총리께서 시간을 쪼개 당선자들에게 축하하는 것은 고마운 일이나, 대통령 순방 중에 국가를 대리하는 책임자가 연이틀 당선자 워크숍에서 축사하고 사진 찍는 게 급박한 업무일 건 아니”라고 했다. 그러면서 “어떤 말과 행동도 당무에 부당한 영향을 주는 것으로 오해받아선 안 된다”고 덧붙였다. 이성윤 최고위원은 “(민주당의) 1인1표제는 당원 주권정당 민주당을 만들기 위해 이룩한 성과”라며 “당원들이 이뤄낸 1인1표제를 흔들고 부정하는 건 묵과할 수 없다”고 말하기도 했다. 1인1표제는 정 대표의 핵심 공약으로 꼽힌다. 분위기가 고조되자, 정 대표는 회의 마무리 발언에 나서 “이 대통령께서 ‘우리 안의 작은 차이가 상대방의 그것보다 크겠느냐’며 단합·단결을 말씀하셨다”며 “대통령의 말씀처럼 민주당이 어려울수록 더 단결해야 한다”고 말했다. 정 대표는 “다른 것을 틀렸다고 주장하면 안 된다”고 했다. 앞서 정 대표는 이날 회의에서 “호남은 민주당의 부모님과 같은 존재다. 잘난 자식이든 못난 자식이든 늘 품어주는 부모처럼 민주당이 부족해도 늘 품어주고 아껴주는 호남에 감사한다”고 말하기도 했다. 이어 전남·광주 행정통합 맞춤형 특례 발굴, 광주송정~목포역 구간 케이티엑스(KTX) 개선 사업 등도 약속했다. 이번 현장 최고위원회의는 6·3 지방선거 이후 처음 열린 것으로, 오는 8월 전당대회를 앞두고 연임에 도전할 것으로 예상되는 정 대표가 흔들리는 당내 입지를 다지기 위해 호남을 찾았다는 해석이 당 안팎에서 제기됐다.",https://www.hani.co.kr/arti/politics/politics_general/1263240.html
1263235,"‘전면 재선거’ 찬성 44%, 반대 48%…2030에선 찬성 60%대 [갤럽]",2026-06-12,정치,"6·3 지방선거에서 발생한 투표용지 부족 사태로 일각에서 재선거 요구가 나오는 가운데 이에 대한 찬반 여론은 세대별로 극명하게 갈린 것으로 12일 나타났다. 한국갤럽이 지난 9∼11일 전국 만 18살 이상 유권자 1002명을 대상으로 실시한 여론조사(표본오차는 95% 신뢰 수준에서 ±3.1%포인트, 휴대전화 가상번호 전화 인터뷰)에서 ‘전면 재선거 해야 한다는 주장에 대해 어떻게 생각하느냐’고 묻자 찬성이 44%, 반대가 48%로 집계됐다. 연령별로 보면 ‘전면 재선거를 해야 한다는 주장’에 대해 찬성한다는 응답이 20대 이하에서 67%, 30대에서 62%였던 반면, 40대에선 36%, 50대에선 38%, 60대에선 32%, 70대 이상에선 34%로 온도 차가 컸다. 한국갤럽은 ‘투표용지 부족사태’가 ‘부실한 선거 관리와 참정권 침해 문제’인지 ‘불법적 선거개입, 부정선거 시도 증거’인지도 질문했다. 응답자의 67%는 ‘부실한 선거 관리, 참정권 침해 문제’라고 답했고 25%는 ‘불법적 선거 개입, 부정선거 시도 증거’라고 했다. 세대별로 봐도 부정 선거가 아닌 부실 선거(20대 이하 64%, 30대 61%, 40대 81%, 50대 72%, 60대 68%, 70대 이상 53%)라는 입장이 절대다수였다. 한국갤럽은 “20·30대가 투표용지 부족 사태를 부정선거 아닌 부실선거로 보면서도 전면 재선거 쪽으로 기운 것은 결과에 앞선 과정상 공정성 중시 경향에서 비롯한 현상으로 짐작된다”고 풀이했다. 한국갤럽은 이번 조사에서 ‘장래 대통령감으로 누가 좋은지’ 선호도 조사도 함께 벌였다. 오세훈 서울시장이 9%, 한동훈 무소속 의원이 8%, 조국 전 조국혁신당 대표가 7%로 나타났고, 김민석 국무총리(5%), 장동혁 국민의힘 대표(3%), 강훈식 대통령비서실장(2%) 등이 뒤를 이었다. 자세한 내용은 중앙선거여론조사심의의원회 누리집을 보면 된다.",https://www.hani.co.kr/arti/politics/politics_general/1263235.html
1263221,이 대통령 지지율 7%p 하락…‘선관위 문제’ 부정평가 이유 1위 [갤럽],2026-06-12,정치,"이재명 대통령의 국정운영에 대한 긍정평가가 3주 전보다 7%포인트 하락했다는 여론조사 결과가 12일 나왔다. 한국갤럽이 지난 9∼11일 전국 만 18살 이상 유권자 1002명을 대상으로 실시한 여론조사(표본오차는 95% 신뢰 수준에서 ±3.1%포인트, 휴대전화 가상번호 전화 인터뷰)에서, 이 대통령 직무수행에 대한 긍정 평가는 57%, 부정 평가는 35%였다. 6·3 지방선거 전에 이뤄진 3주 전(5월19∼21일) 조사에선 긍정 평가 64%, 부정 평가 28%였는데, 긍·부정 평가가 각각 7%포인트 하락, 7%포인트 상승한 것이다. 긍정 평가 이유로는 경제·민생(21%)과 외교(12%), 전반적으로 잘한다(9%) 등이 꼽혔고, 부정 평가로는 ‘부실·부정선거·선거관리위원회 문제’(16%), 경제·민생·고환율(14%), 부동산 정책(9%) 등이 지목됐다. 한국갤럽 쪽은 “대통령 직무 긍정률이 60%를 밑돌기는 4개월만”이라며 “직무 부정 평가 이유로 선관위 문제가 가장 많이 지적돼, 투표용지 부족 사태 여파를 반영했다”고 설명했다. 정당 지지율은 더불어민주당이 41%였다. 3주 전엔 45%였다. 국민의힘은 직전 조사에서 22%였으나 7%포인트 오른 29%로 집계됐다. 무당층은 21%로 나타났다. 갤럽은 “양대 정당 격차는 4월 초 30%포인트에서 5월 중순 23%포인트, 이번주 12%포인트로 줄었다”고 설명했다. 자세한 내용은 중앙선거여론조사심의의원회 누리집을 보면 된다.",https://www.hani.co.kr/arti/politics/politics_general/1263221.html
1263206,"김정은, 러시아 국경일 맞아 푸틴에 축전 “북러 새 역사의 장 펼쳐”",2026-06-12,정치,"김정은 북한 국무위원장이 러시아 국경일(러시아의 날·6월12일)을 맞아 블라디미르 푸틴 러시아 대통령에게 축전을 보내 “오늘 조로(북러)관계는 새로운 역사의 장을 펼치며 진실하고 헌신적인 동지적 신뢰관계, 동맹관계로 더욱 강화되고 있다”고 했다. 노동신문은 12일 1면에 김 위원장이 이런 내용의 축전을 보냈다고 보도했다. 축전 내용을 보면 김 위원장은 “(북러) 두 나라가 포괄적인 전략적 동반자 관계에 관한 조약의 의무와 정의의 이념에 충실함으로써 획득한 자부할 만한 결심이며 우리의 선택이 정당하다는 것을 실증해주고 있다”고 했다. 김 위원장은 또 “모스크바의 대내외 정책들을 지지하고 언제나 러시아 연방과 함께 하려는 것은 나와 조선민주주의인민공화국 정부의 변함없는 의지이며 입장”이라고 했다. 동맹으로서 러시아 정책에 대한 지지를 거듭 표명한 것이다. 김 위원장은 푸틴 대통령을 “친근한 나의 벗”이자 “울(블)라디미르 푸틴 동지”라고 칭하며 친근감을 더했다. 김 위원장은 지난달 9일 러시아의 전승절 81주년을 맞아 푸틴 대통령에게 축전을 보낸 뒤 한달여 만에 새 축전을 보냈다. 노동신문은 이날 6면에도 ‘정의와 진리를 위해 힘차게 매진하는 러시아’라는 제목의 기사를 게재해 러시아가 경제·군사적으로 발전하고 있다고 선전했다. 국경일을 맞아 북한 주재 러시아 대사관도 축하 연회를 열었다. 연회엔 윤정호 대외경제상과 안현민 노동당 부부장, 김정규 외무성 부상 등이 초대됐다. ‘러시아의 날’은 소련 해체 뒤 러시아 연방을 설립하면서 러시아 의회인 인민대의원대회가 러시아 공화국의 주권 선언문을 채택한 것을 기념해 제정됐다.",https://www.hani.co.kr/arti/politics/politics_general/1263206.html
1263198,[뷰리핑] 정청래·장동혁 면전서 “사퇴” 요구,2026-06-12,정치,"진행: 하어영 한겨레 정치팀 기자. 승패 논쟁 너머, 선거 결과의 의미는/2030 청년들, ‘내란 심판’ 공감 못했다? [한겨레 FGI]/이 대통령 집권 1년 차… 격화되는 여당 당권 경쟁/정청래, 전준위 구성되는 24일 전후 사퇴 가닥?/장동혁 면전에서 “총사퇴”… 즉각 “철없는 소리” 충돌/투표용지 부족 사태, 어떻게 봐야 하나/민주당 내 갈등, 원인은?/윤석열 “뉴스타파 기자 처벌 원해”… ‘명예훼손’ 재판서/윤우진, 이남석 소개받은 직후 윤석열과 통화했다/“윤, 미친 줄” 오른팔 김태효 ‘혼자 살려고’ 원색적 비난/종합특검, ‘계엄 옹호 메시지’ 김태효·신원식 영장 검토. 오늘 (06월 12일) 뷰리핑 많은 시청바랍니다.",https://www.hani.co.kr/arti/politics/politics_general/1263198.html
1263183,“내 주식 올랐지만 선거에선 부동산 따져…월세 급등” 2030 서울 표심,2026-06-12,정치,"“계엄이 벌써 1년 반이 지났잖아요. 내란 심판 선거는 직전 대선까지였다고 생각하고요, 이번 지방선거는 이재명 정부 중간평가 성격이 강했다고 봅니다.”(박지훈·이하 모두 가명·28·남) “정원오 후보는 ‘명픽’(이재명의 선택)임을 알리긴 했지만 인지도가 떨어지는 느낌이었다면, 오세훈 후보는 4선의 무게감이 있었죠.”(임민수·34·남) 지난 10일 ‘한겨레’와 여론조사업체 휴먼앤데이터가 함께 실시한 ‘6·3 지방선거 평가 표적집단 심층면접(FGI)’ 좌담회에 참여한 서울 거주 20~30대 청년들의 말이다. 이들은 이번 지방선거가 ‘내란 심판’보다는 ‘이재명 정부 중간평가’의 성격이 강했고, 서울시장 선거에서 청년층 표심을 가른 건 당보다는 ‘인물’의 차이가 컸다고 했다. 이들은 정부·여당이 주요 국정 성과로 내세운 주가 상승보다는 ‘부동산’ 이슈가 자신들의 표심에 더 영향을 미쳤다고 했다. “‘내란 심판’ 공감 잘 안 된다” 2030 청년들은 여당이 이번 선거 핵심 구호 가운데 하나로 내세운 ‘내란 심판’에는 “공감이 잘 가지 않았다”고 했다. 이미 1년 반이 지난 12·3 비상계엄 내란 사태의 ‘심판’은 지난해 대선까지의 얘기이고, 이번 선거는 이재명 정부가 출범한 뒤 첫 전국 단위 선거였던 만큼 정부·여당을 중간평가하는 성격이 강했다는 것이다. 이들은 국민의힘이 다수 광역단체장 선거에서 패한 것은 “당 자체의 신뢰도가 떨어졌기 때문”이라는 이야기를 많이 했다. “더불어민주당이 ‘내란’ 키워드를 끌고 가려고 내란 심판을 내세운 선거운동을 했다고 생각해요. 사실 계엄 뒤부턴 민주당이 주도권을 잡은 지 오래잖아요. 이번 선거는 내란 심판이 아니라 이재명 정부 중간평가 성격이 강했죠.”(박지훈) “이재명 대통령은 리더십이 강한 사람이고 그래서 자기와 같은 의견을 가진 사람들이 필요했을 텐데, 그걸 밀어줄 건지 견제할 건지가 부딪치는 과정에서 이번 선거 결과가 나온 거 같아요.”(임민수) 서울시장 선거 승패 가른 ‘인물론’ 참석자들은 서울시장 선거에서 젊은 층의 표심을 가른 건 ‘당’이 아닌 ‘인물’이라는 의견을 내놨다. 4선 현역 서울시장에 대선 주자로 꼽히는 오세훈 국민의힘 서울시장 후보에 견줘 정원오 민주당 서울시장 후보의 인지도와 중량감이 많이 떨어졌다는 것이다. 일부 참석자는 정 후보가 ‘일 잘하는 후보’라는 점을 부각했지만, 구체적으로 그가 어떻게 일을 잘하겠다는 것인지 잘 알 수가 없었다고 했다. 이재명 대통령이 선거 전 에스엔에스(SNS)에서 정 후보를 칭찬한 이른바 ‘명픽’에 대해서는 정 후보가 이를 제대로 홍보하지 못했다는 평가와, 오히려 정 후보에게 불리하게 작용했다는 평가로 갈렸다. “오세훈은 4선이고 대선급 후보인 데 비해 정원오가 인지도가 너무 떨어진 게 아닌가 싶어요. 뉴스 좀 보고 관심 있는 사람들이나 정원오가 성동구청장 한 걸 알지, 관심 없는 사람들은 ‘정원오 누구지’ 하는 거죠.”(윤정훈·38·남) “저는 정원오를 뽑았는데요. 대통령이 ‘일 잘한다’고 하길래 알게 됐는데, 정작 뭘 잘했는지 보려고 하면 눈에 잘 안 들어오더라고요. 민주당이 더 홍보를 적극적으로 해야 했다고 생각해요.”(오지은·30·여) “정원오 후보가 생소했어요. 과거 민주당에서 서울시장 선거 후보로 나왔던 사람들은 송영길, 박영선처럼 이름을 들어본 적 있는 사람들이었는데….”(박지훈) “‘명픽’이 오히려 정 후보한텐 부정적이었던 거 같아요. 이재명 대통령은 드라이브를 세게 거는 스타일인데, 이걸 견제해야 된다고 많이들 생각한 거 같아요. 대통령도 사람이라 100% 옳을 수가 없는데 그걸 말해줄 사람이 필요하잖아요.”(신지현·38·여) “대통령이 에스엔에스로 소통을 활발히 하는 건 좋다고 생각해요. 근데 스타벅스 관련 글처럼, 사기업에 대한 제재를 국가가 해선 안 되는 건데… 그런 것도 선거에 영향을 주지 않았을까요.”(이민준·27·남) “사회 안정시켜 주식 호장, 공은 맞지만…” 대다수 참석자들은 주식 투자를 하고 있었고, 실제로 이득을 본 이들도 많았다. 그렇지만 이들은 주가 상승보다는 부동산 이슈가 서울 청년층 표심에 훨씬 큰 영향을 줬다고 했다. 주거 불안에 직면한 세대인 만큼 상승한 서울 전월세 가격과 매맷값은 이들에게 위기감을 키운 것 같았다. “저는 주식 하고 있고요. 근데 사람들에게 더 와닿는 건 부동산이라 생각해요. 물론 (정부·여당이) 주가를 올린 공이 높다고는 생각해요. 그런데 그게 부동산만큼 임팩트가 있진 않아요. (이 대통령이) 보유세 올린다, 다주택자 잡는다 이러니 오히려 매물이 잠기고, 사람들이 ‘빨리 사야겠다’고 생각해 집값이 더 오른 거 같아요.”(장성민·36·남) “이번 정부 들어 서울 집값이 폭등한 건 맞잖아요. 전세도 없어지고, 월세는 오르는 상황이다 보니 2030 세대로서는 아쉽죠.”(정유진·25·여) “‘주가가 이재명 정부가 잘해서 올랐나’ 하는 생각이 듭니다. 제가 가진 에스케이(SK)하이닉스랑 삼성전자 주식이 말도 안 되게 오르긴 했어요. 그게 기업이 잘해서 올랐지 정부가 개입해서 올랐다고 생각하지 않아요.”(김현우·27·남) “저는 지금 주식시장이 호장인 게 이재명 정부가 사회적 분위기를 안정시킨 공이 있다고 생각하고요, 에이아이(AI) 같은 관련 산업 육성 정책을 여럿 발표한 것도 영향을 줬다고 생각해요. 그건 정부가 잘한 건 맞죠. 근데 부동산은 정책으로 드라이브할 수 있는 상황은 아니라고 봐요.”(신지현) 선관위 향해 “무책임” “무능” 좌담회 참석자들은 투표지 부족 사태에 대해 “황당하다”며 중앙선거관리위원회(선관위)의 ‘무책임’과 ‘무능’을 성토했다. 이들은 참정권을 보장받아야 한다고 했다. 이들은 2017년 박근혜 전 대통령 탄핵과 2025년 윤석열 전 대통령 탄핵을 거치며 선거에 대한 관심이 늘었고 투표권의 소중함을 체감했다고 말했다. 이들은 올림픽공원에 모인 투표지 부족 시위가 특정 정치세력에 의해 오염되어서는 안 된다고 경계했다. “선관위는 무능해요. 시스템이 무너졌어요.”(박지훈) “어떤 기업이든 받은 급여만큼 일을 해야 하고, 수행 능력이 있어야 하잖아요. 선관위가 일처리를 잘못해서 욕먹는 것이 한두번도 아닌데 조직 자체가 문제가 있어요.”(김현우) “2030 세대는 두번의 탄핵을 겪은 사람들입니다. 민주주의를 지켜야겠다는 생각이 큰 사람들이 모이지 않았을까요.”(정유진) “참정권 시위인데, 기독교나 태극기부대가 기회 삼아 오는 걸 경계해야 될 것 같아요.”(오지은·30·여) ‘6·3 지방선거 평가 표적집단 심층면접(FGI) 좌담회’는 ‘한겨레’가 여론조사업체 휴먼앤데이터에 의뢰해 지난 10일 서울 영등포구의 사무실에서 열렸다. 좌담회 참석자들은 2030 세대의 투표 성향을 고려해 서울에 사는 남녀 20대 유권자 7명과 30대 유권자 7명 등 14명을 선정했다. 이들은 20대와 30대로 나눠 1시간30분 동안 서울시장 선거 결과와 투표용지 부족 사태에 대해 가감 없는 토론을 했다.",https://www.hani.co.kr/arti/politics/election/1263183.html
1263178,서울 2030 청년들 “내란 심판? 이번 선거는 이재명 정부 평가”,2026-06-12,정치,"6·3 지방선거 이후 20~30대 ‘표심’과 ‘정치적 지향’에 대한 관심이 쏠리고 있다. 지방선거 최대 격전지인 서울에서 2030이 ‘스윙보터’로 떠올랐기 때문이다. 이들은 투표용지 부족 사태에 항의하며 서울 송파구 올림픽공원에서 시작된 집회를 주도하기도 했다. 2030은 어떤 마음으로 투표장과 시위 현장을 찾았을까. 한겨레는 휴먼앤데이터에 의뢰해 지난 10일 서울 영등포구에서 서울 거주 20대와 30대 청년 14명 대상으로 ‘표적집단 심층면접’(FGI·이하 좌담회)을 진행해 이들의 생각을 ‘있는 그대로’ 들어봤다. 좌담회에 참석한 2030 대부분은 여당의 ‘내란 심판’ 구호에 ‘공감하지 못했다’는 반응을 보이며, 지방선거를 이재명 정부 1년 평가로 바라봤다. 서울 은평구에 거주하는 박지훈(이하 모두 가명, 28·남)씨는 “계엄이 1년 반이 지났다. 내란 심판은 지난해 대선이었다”며 “민주당이 주도권을 잡고 국정을 운영하지 않았나. 이번 선거는 이재명 정부 평가였다”고 했다. 서울시장 선거 결과에 대해선 정원오 더불어민주당 후보가 오세훈 국민의힘 당선자에게 ‘인물론’에서 뒤처졌고, 이를 만회할 선거 캠페인도 부족했다고 평가했다. 정 후보에게 표를 줬다는 오지은(30·여)씨는 “오세훈 시장이 (서울시장에) 다섯번째 나왔지만 그동안 성과를 잘 몰라서 정 후보를 찍었다”면서도 “정 후보가 일 잘하는 사람이라고 하는데, 무얼 잘했는지는 설명을 잘 못한 것 같다”고 말했다. 좌담회 참가자들은 투표용지 부족 사태로 벌어진 서울 송파구 올림픽공원 집회에 모였던 2030에 대해서 ‘민주주의를 지켜야겠다는 마음으로 모인 것 같다’고 입을 모았다. 윤정훈(38·남)씨는 “우리나라 정도의 나라에서 투표용지가 모자라서 투표를 못 하는 것이 말이 되나”라고, 정유진(25·여)씨는 “부실 선거에 화가 난 것이다. 두번의 탄핵을 겪고 나서 민주주의를 지켜야겠다는 마음에 모이지 않았나 하는 생각이 든다”고 했다. ‘6·3 지방선거 평가 표적집단 심층면접(FGI) 좌담회’는 ‘한겨레’가 여론조사업체 휴먼앤데이터에 의뢰해 지난 10일 서울 영등포구의 사무실에서 열렸다. 좌담회 참석자들은 2030 세대의 투표 성향을 고려해 서울에 사는 남녀 20대 유권자 7명과 30대 유권자 7명 등 14명을 선정했다. 이들은 20대와 30대로 나눠 1시간30분 동안 서울시장 선거 결과와 투표용지 부족 사태에 대해 가감 없는 토론을 했다.",https://www.hani.co.kr/arti/politics/politics_general/1263178.html
1263167,"이 대통령, 로마서 ‘화상회의’ 주재… 선관위 사태 후속 논의",2026-06-12,정치,"이탈리아를 국빈 방문 중인 이재명 대통령이 오는 14일 오후 2시(한국시간 오후 9시) 화상 수석보좌관 회의를 개최하고, 중앙선거관리위원회 투표용지 부족 사태 후속 상황 등을 챙길 예정이다. 강유정 청와대 수석대변인은 12일 로마 시내에 마련된 프레스센터에서 열린 브리핑에서 “이 대통령은 순방 기간 중 국정 운영의 공백을 없애기 위해 이탈리아 현지에서 직접 (화상으로) 수석보좌관 회의를 주재하고 주요 국정 현안에 대해 보고받을 예정”이라고 말했다. 이 대통령은 지난 9일부터 8박10일 일정으로 유럽 순방 중인데, 국정 운영에 차질이 없도록 국내 현안도 세밀히 챙기겠다는 취지다. 이번 화상회의에서는 △선관위 국정조사 및 제도개선 추진계획(정무수석실) △투표용지 부족 사태 관련 검·경 합동수사본부 발족 및 상황(민정수석실) △외환·금융시장 동향 및 물가관리 대책(경제성장수석실) 등을 보고하고 논의할 예정이다. 또 오는 18일 귀국하는 이 대통령은 다음 날인 19일에도 수석보좌관 회의를 소집했다. 통상 대통령 주재 수석보좌관 회의는 목요일에 열리지만, 귀국 날짜를 고려해 금요일에 열겠다는 것이다. 강 수석대변인은 “회의 주제는 여름철 자연재해 대응 체계 점검”이라며 “이 대통령은 귀국 즉시 민생과 국민 안전을 1순위로 챙길 예정”이라고 말했다.",https://www.hani.co.kr/arti/politics/bluehouse/1263167.html
1263166,"이탈리아, 이 대통령에 예우…‘최고 등급 훈장’ 수여, 유로파이터 호위 비행도",2026-06-12,정치,"세르지오 마타렐라 대통령이 12일(현지시각) 이탈리아를 국빈 방문 중인 이재명 대통령에게 외국 정상에 대한 최고 등급 훈장인 ‘이탈리아 공화국 기사대십자 공로훈장’을 수여한다. 강유정 청와대 수석대변인은 이날 로마 시내에 마련된 프레스센터에서 열린 브리핑에서 이 같이 밝히며 “이는 한국과 이탈리아의 우호관계를 증진시킨 이 대통령의 기여를 평가하고, 최고 수준의 예우를 표명한다는 의미를 갖고 있다”고 말했다. 이번 훈장은 이 대통령이 취임 뒤 외국 정부로부터 받는 최초의 훈장이다. 이 대통령이 수여받은 이탈리아 공화국 기사대십자 공로훈장은 1951년 3월3일 법률에 의해 제정된 이탈리아의 최고 등급 훈장이다. 과학, 예술, 경제, 공직수행 등 다양한 분야에서 국권 신장에 현저한 공로가 있는 이탈리아인 또는 국가원수급 외국인에게 수여된다. 청와대 관계자는 “취임 뒤 멜로니 총리와 세 번에 걸친 만남을 갖는 등 국제관계에 있어서 한국의 중요성이 매우 높다고 하원의장도 강조한 바 있다”며 “그런 부분에서 역할을 기대하고, 또 역할을 평가하는 훈장이라고 할 것 같다”고 말했다. 이탈리아는 이번 방문이 대한민국 대통령으로 26년 만의 국빈 방문인 만큼 의전에도 각별히 신경을 쏟았다. 전날 이탈리아는 이 대통령이 탑승한 공군 1호기가 이탈리아 영공에 진입하자 이탈리아 공군이 보유한 유로파이터 2대를 각각 좌우 양옆에 호위 비행하게 했다. 이 대통령은 이날(현지시각) 엑스에 “이재명에 대한 예우가 아니라 대한민국 그리고 대한민국 국민에 대한 예우”라고 말했다. 한편 이탈리아 쪽은 이날 로마 대통령궁에서 열린 국빈 만찬에 경제인사들도 초청했다. 초청받는 경제 인사는 류진 한국경제인협회 회장, 이재용 삼성전자 회장, 구자은 엘에스(LS)그룹 회장, 조현준 효성그룹 회장, 삼양식품 김정수 회장 등 13명이다.",https://www.hani.co.kr/arti/politics/bluehouse/1263166.html
1263165,‘소방관 음주 강요 사망 의혹’ 국조실 조사 착수…“명명백백 밝힐 것”,2026-06-12,정치,"국무조정실은 광주광역시 소방안전본부 소속 여성 소방관이 직장 내 강압적 음주 문화와 갑질 탓에 숨졌다는 의혹에 대해 본격 조사에 착수한다고 11일 밝혔다. 국무조정실은 이날 보도자료를 내어 “사안의 중대성을 고려해 대통령 지시 사항이 철저히 이행될 수 있도록 음주 강요, 유가족의 감찰 조사 요구 묵살 여부 등을 최대한 신속히 조사해 사실 관계를 명명백백하게 밝힐 예정”이라고 밝혔다. 앞서 이재명 대통령은 이날 자신의 엑스(X·옛 트위터)에 소방관 사망 기사를 링크하며 “조사 결과 음주 강요, 감찰 조사 요구 묵살이 사실로 드러나면 징계는 물론 형사 처벌에 민사 손해배상 후 구상 청구까지 할 수 있는 최대치의 문책을 해서, 다시는 이 나라에서 회식 음주 강요 같은 직장 내 악성 갑질이나 부정부패 은폐·묵살은 꿈도 꿀 수 없게 하겠다”고 말했다. 이 대통령이 링크한 언론 보도를 보면, 광주소방본부는 지난해 10월 20대 여성 소방관 ㄱ씨가 스스로 목숨을 끊은 사건에 대해, 고인의 사망 원인을 ‘약혼자의 관계’ 문제라고 공문에 적시했다고 한다. 이에 ㄱ씨의 약혼자 ㄴ씨는 ㄱ씨가 생전 직장 내 강압적 회식·음주 문화 등으로 어려움을 호소했던 문자 메시지 등을 근거로 감찰을 요구했다. 그러나 본부는 5개월 넘게 감찰을 미루다, ㄴ씨와 유족이 상급기관이 소방청을 방문하고 나서야 감찰에 착수한 것으로 전해졌다. 소방공무원노동조합도 이날 광주시청 앞에서 기자회견을 열어 고인이 생전 과도한 음주·회식문화, 사적 심부름 지시 등에 시달렸다고 주장했다. 이날 공개된 ㄱ씨의 카카오톡 메시지를 보면, ㄱ씨는 “여기 미쳤다. 술을 너무 빨리 마신다. 오자마자 소맥(소주+맥주) 4잔 원샷” “(상급자가) 둘이 노래방에 가자고 한다”며 곤혹스러워하는 내용이 담겨있다. 소방노조는 “사망 사건에 대한 철저하고 독립적인 조사를 실시하고, 2차 가해 행위에 대한 본부장의 공식 사과와 실효성 있는 갑질 근절 대책을 마련하라”고 촉구했다.",https://www.hani.co.kr/arti/politics/politics_general/1263165.html
1263164,정부 “‘선관위 사태’ 재발 방지 위해 청년·대학생 중심 공론화 착수”,2026-06-11,정치,"정부가 11일 선거관리위원회의 부실 투표 관리에 대해 검·경 합수본을 중심으로 신속한 수사에 들어가는 한편, 재발방지를 위해 청년·대학생을 중심으로 사회적 공론화에 착수하기로 했다. 정부는 이날 저녁 김민석 국무총리 주재로 세종시 정부세종청사에서 ‘국민참정권 침해 관련 관계장관회의’를 연 뒤 “이번 국민참정권 침해 사태에 대한 진상규명과 선관위 개혁을 위해 국정조사 협조 등 가능한 모든 조치를 다하기로 했다”며 “검·경합수본을 중심으로 한 치의 의혹도 없도록 최대한 신속하고 철저하게 수사하기로 했다고 했다”고 발표했다. 격해지는 서울 잠실 올림픽 공원 내 개표소 봉쇄 시위에 대해서는 강력하게 대응할 뜻을 밝혔다. 정부는 “정당한 의사표현에 대해서는 존중하고 적극 보호하되, 시민·기자·경찰 등에 대한 폭행·명예훼손·강요 등 명백한 불법행위에 대해서는 신속하게 수사하여 엄중 조치하기로 했다”고 밝혔다. 아울러 사태 재발 방지를 위해 청년들과 사회적 논의와 합의를 시작하겠다고 했다. 정부는 “공동시국선언을 한 17개 대학 학생 단체를 포함하여 청년·대학생을 중심으로 공론화에 착수하겠다”고 발표했다.",https://www.hani.co.kr/arti/politics/politics_general/1263164.html
1263160,"전북 이어 경기 선관위도 개표 오류…서울, 무번호 투표지 규정 위반",2026-06-12,정치,"선거관리위원회(선관위)의 총체적 난맥상이 ‘투표용지 부족’ 사태를 계기로 드러난 가운데 지난 3일 치러진 경기교육감 선거에서도 담당자가 개표 결과를 잘못 입력한 사실이 11일 뒤늦게 드러났다. 전날 전북교육감 선거에 이어 개표 결과 입력 오류가 추가로 발견되면서 선관위의 관리 부실 논란이 일파만파 확산하는 모양새다. 김민석 국무총리는 “선관위가 위부터 아래까지 대오각성해야 한다”고 경고했다. 경기도선관위는 이날 대국민 사과문을 내어 경기교육감 선거에서 득표수 입력 오류가 발생했다고 밝혔다. 교육감 선거는 다른 공직선거와 달리 기호가 없어 추첨을 통해 투표용지 게재 순위를 결정하고 투표용지를 에이(A)형과 비(B)형으로 나눠 처리하는데, 비형 투표용지를 사용한 투표소가 개표보고시스템의 기본 순위인 에이형인 것처럼 잘못 입력했다는 것이다. 득표수 입력 오류가 발생한 곳은 경기 성남시 중원구 금광2동 제3투표소로, 비형 투표용지를 사용해 후보자 순서가 안민석-임태희 후보 순이었으나, 임태희-안민석 후보 순서로 개표 결과를 바꿔 입력했다고 경기도선관위는 설명했다. 경기도선관위는 애초 안 후보가 368표, 임 후보가 337표를 득표했다고 공표했는데, 정확한 개표 결과는 안 후보 337표, 임 후보 368표였다. 경기 광주시 초월읍 제2투표소에서도 개표 결과 오입력 사례가 발견됐다. 개표사무원이 초월읍 제9투표소를 제2투표소로 잘못 입력하면서 안 후보 582표, 임 후보 668표로 잘못 입력돼 공표된 득표수는 안 후보 798표, 임 후보 869표로 수정됐다. 투표소 2곳에서 잘못 입력된 득표수를 바로잡은 결과, 두 후보의 득표수는 안 후보 355만7171표, 임 후보 317만8132표에서 안 후보 355만7356표, 임 후보 317만8364표로 바뀌었다. 전날 언론 보도로 드러난 전북 전주시 완산구 중화산1동 제3투표소의 투표록 오입력 사례의 경우, 이를 관할하는 완산구선관위가 개표가 진행되던 지난 4일 새벽 오류를 확인했지만 9일 오전에야 전북도선관위원장에게 늑장 보고한 것으로 파악됐다. 전북도선관위도 대국민 사과문을 내어 “투표록 작성 시스템 개선, 개표 결과 입력 오류 방지를 위한 지침 등 규정을 정비하겠다”고 밝혔다. 한편 중앙선관위 투표용지 부족 사태 진상규명위원회는 6·3 지방선거 당시 서울시선관위가 내부 지침상 ‘자치구 선거인 수의 3% 내외’로 배부해야 할 무번호 투표용지를 ‘자치구당 2천개’로 통일해 배부하면서, 무번호 투표용지도 기준보다 적게 배부됐다고 밝혔다. 조현욱 선관위 진상규명위원장은 이날 경기 과천시 중앙선관위에서 브리핑을 열어 “무번호 투표용지는 선거인 명부에 등재된 선거인 수의 3% 내외에서 가산해 인쇄하도록 공직선거절차 사무편람에 규정돼 있다. 그러나 이번 지방선거에서 서울시선관위는 관내 구·시·군선관위에 2천장을 인쇄하도록 지침을 하달했다”며 “송파구를 예로 들면, 선거인 수가 56만4438명이기 때문에 3%를 적용하면 약 1만7천장의 무번호 투표용지가 교부돼야 하는데 2천장만 교부됐다”고 밝혔다. 조 위원장은 “무번호 투표용지의 일련번호 작성 관련 매뉴얼도 부존재해, 일련번호를 부여받는 과정에서 혼란과 선거 절차 지연이 심각하게 발생했다”고 덧붙였다. 이에 김민석 총리는 이날 저녁 정부세종청사에서 한 국민 참정권 침해 관련 관계장관회의에서 “합동수사본부 중심으로 해서 최대한 신속하고 엄정하게 수사하라”고 지시했다.",https://www.hani.co.kr/arti/politics/election/1263160.html
1263158,김 총리 “이럴거면 선관위 해체하는 게 낫지 않나…대오각성해야”,2026-06-11,정치,"김민석 국무총리가 11일 ‘투표용지 부족사태’와 관련해 “참정권 침해도 용납할 수 없는 일이지만 민주질서 침해 또한 용납되어선 안 된다 생각한다”고 말했다. 김 총리는 이날 세종시 정부세종청사에서 열린 국민참정권 침해 관련 관계장관회의에서 “무슨 권리로 시민들의 자유로운 통행이나 출입을 막고 경찰관들을 감금하고 또 지나가는 시민을 비방하고 욕설하고 그렇게 할 권리가 누구에게 있냐”며 이같이 말했다. 이는 일주일째 송파구 올림픽공원 핸드볼경기장 입구를 봉쇄하고 규탄 시위를 벌이는 참가자 가운데 일부가 핸드볼 여성 유소년 국가대표 선수들의 출입을 막고 소지품을 뒤지는 등 문제 행동을 이어가는 것에 대해 지적한 것이다. 이날 일부 시위 참가자들은 경기장에 진입하려는 입주 체육단체 직원들의 기자회견을 가로막고 취재진에게 욕설과 폭언을 쏟아내기도 했다. 김 총리는 “민주주의를 지켜야 한다는 국민 요구를 악용해서 오히려 민주질서와 민주주의를 파괴하려는 행위는 절대로 용납될 수 없다”며 “무관용의 원칙으로 끝까지 파악하고 절대로 그런 일이 이뤄질 수 없도록 해야 한다는 생각으로 관련 부처는 대응해달라”고 말했다. 그는 “참정권 침해에 대해서도 책임져야 하지만 민주질서 침해도 반드시 책임을 져야 할 것”이라며 “정부는 정당한 문제제기와 논의에 대해서는 겸허한 자세로 수용하겠지만 시민들에게 불편을 끼치는 반민주적 행태에 대해서는 끝까지 원칙적으로 대응하겠다”고 말했다. 김 총리는 총체적 난맥상이 드러나고 있는 중앙선거관리위원회에 대해서도 “이럴 거면 선관위는 차라리 해체하는 게 낫지 않나, 선관위가 이런 식이면 해체돼야 한다는 국민 목소리가 틀림없이 있다”고 말했다. 그는 “정말 위부터 아래까지 대오각성해야 한다고 생각한다”고 말했다. 김 총리는 국회를 향해서도 “정파나 정치적 이해관계를 떠나 여야가 민주주의 공고화를 위해 특위 구성을 신속하게 협의해주시고 철저한 진상규명과 제도개선 논의를 이끌어주시기 바란다”며 “정부도 필요한 모든 부분 적극 협력하겠다”고 말했다.",https://www.hani.co.kr/arti/politics/politics_general/1263158.html
1263157,"한성숙, 재산 250억원 신고…집 2채·예금 103억·주식 20억",2026-06-12,정치,"한성숙 국무총리 후보자가 본인과 어머니 명의 재산으로 모두 253억9010만6000원을 신고했다. 11일 국회에 제출된 한 후보자 인사청문요청안을 보면, 한 후보자 본인 명의 재산은 부동산 30억6648만원과 예금 103억2387만원, 주식 20억6583만원 등 250억882만원이다. 지난해 말 기준 신고액 223억157만원보다 27억725만원 늘었다. 한 후보자는 서울 종로구 삼청동 단독주택(15억원)과 경기 양평군 양서면 단독주택(6억3천만원) 등 주택 2채를 보유한 다주택자다. 경기 양주시 광사동 단독주택의 지분 10분의 1(697만원)도 가지고 있다. 한 후보자는 지난해 재산으로 신고했던 주택 가운데 서울 송파구 잠실동 아파트는 팔았는데, 구매 20년 만에 약 30억원에 가까운 차익을 남긴 것으로 전해졌다. 한 후보자는 주택 외 부동산으로는 서울 강남구 역삼동 오피스텔(약 20억7463만원), 서울 종로구 연건동 근린생활시설(약 14억원)·제2종근린생활시설(약 8억9천만원), 경기 양평군 양서면 일대 토지와 경기 양주시 광사동 일대 토지를 갖고 있다고 신고했다. 주식은 테슬라(약 12억9457만원), 애플(약 4억2천만원), 팔란티어(약 1억2015만원), 엔비디아(약 1억4609만원) 등 해외 주식과 상장지수펀드(ETF)가 대부분이었다. 한 후보자는 이 밖에도 서울 종로구 내수동 아파트 전세권(18억5천만원)과 국채(30억9055만2천원), 사인 간 채권(3억4500만원), 2011년식 기아 스포티지(1995㏄) 등을 신고했다. 한 후보자의 어머니는 경기 양주시 광사동 토지(약 3억2900만원)와 예금 등 총 3억8128만3000원의 재산을 신고했다. 한 후보자의 범죄 이력을 보면, 포털사이트 엠파스의 검색서비스본부장으로 있던 2006년 정보통신망법 위반(음란물유포 등)으로 벌금 1천만원과 몰수형을 선고받았다. 당시 검찰은 포털사이트가 제공하는 성인 콘텐츠가 음란물을 대량 유포하고 있다며 수십명을 기소했는데, 당시 한 후보자도 포함됐다. 한 후보자 인사청문준비단 지난 8일 “2005년 인터넷 포털 서비스 대표자들이 고발당하여 모두 처분을 받은 건으로, 당시 후보자는 엠파스 검색서비스 전체 책임자로서 처벌을 받은 바 있으나, 직접 음란물을 게시했다는 것은 사실이 아니다”는 입장을 냈다.",https://www.hani.co.kr/arti/politics/politics_general/1263157.html
1263155,정청래 “단결” 수습 나섰지만…의총서 “당장 사퇴” 분출,2026-06-12,정치,"6·3 지방선거 뒤 처음으로 열린 더불어민주당 의원총회에서 정청래 대표를 향한 대표직 사퇴 요구가 분출했다. 서울시장 선거 패배에 대한 책임론과 함께 공천 과정 관리가 거칠고 미흡했다는 비판도 이어졌다. 11일 국회에서 1시간10분가량 열린 민주당 의원총회에서 여러 참석자들은 정 대표에게 사퇴를 요구했다. 장철민 의원은 “진정으로 통합하고 전당대회 이후 당력을 결집하려면, 오늘이라도 사퇴해야 한다. 정 대표뿐만 아니라 전당대회 선거 관리의 책임을 갖고 있는 분들 모두 마찬가지”라고 말했다고 페이스북을 통해 밝혔다. 임미애 의원도 “2024년 이재명 대표 사퇴 후 60일 안에 선거를 했고, 2010년 정세균 대표는 (전대) 두달 전에 사퇴했다”며 “전당대회를 공정하게 관리하겠다는 의지를 (대표직 사퇴로) 보여주는 것이 필요하다”고 말한 것으로 전해졌다. 공정한 전당대회에 대한 의지를 보이려면 즉시 사퇴하라고 촉구한 것이다. 신정훈 의원은 호남권 지방선거 후보를 결정하기 위한 당내 여론조사 과정의 문제점을 지적했다. 그는 “호남에 대한 민주당의 오만한 자세 때문”에 무소속 후보들이 예상 외의 선전을 했다는 취지의 발언을 했다고 한다. 인천 연수을이 지역구인 정일영 의원은 부적격한 후보가 연수구청장 후보로 공천돼 선거에서 패배했다며 “겸손해야 한다”는 취지의 발언을 했다. 이에 맞서 정 대표 책임론에 반대하거나 통합을 강조하는 목소리도 나왔다. 최민희 의원은 “(광역단체장 선거) 12 대 4 숫자로는 승리한 것이 맞다”며 당내 일각의 ‘대패’ 주장을 반박했다고 한다. 김영배 의원은 “서로 소리를 지르고 삿대질을 한다고 될 문제가 아니다. 지방선거 평가를 제대로 해야 대안이 마련된다”고 말한 것으로 전해졌다. 정 대표는 일부 의원들의 사퇴 요구에 별다른 답을 하지 않았다. 정 대표는 의원들의 본격적인 발언이 시작되기 전 회의 머리발언에서는 “우리는 역사 속에서 단결하며 승리했고 분열하면 패배했다”며 내부 단결을 주문했다. 또 ‘정치는 정치인이 하는 것 같지만, 결국 국민이 한다’는 이재명 대통령의 과거 발언을 언급한 뒤 “이 대통령은 내부 단결을 강조하는 말을 자주 했다”고 했다. 정 대표는 민주연구원과 당 정책위원회가 주최한 ‘이재명 정부 1년’ 토론회에선 “이 대통령 존재 자체가 대한민국 국가 경쟁력의 상수로 자리 잡았다”며 이 대통령을 추어올렸다. 정 대표의 이런 발언은 전날 최고위원회의에서 “국민 이기는 정권은 없다. 국민은 영원하고 정권은 짧다”고 말한 뒤 비당권파를 중심으로 ‘청와대와 각을 세우는 것이냐’는 반발을 의식한 것으로 보인다. 이날 정 대표는 최근 김남희·전현희 의원 등이 정 대표가 적극적으로 도입한 권리당원 1인 1표제로 인해 당이 민심과 괴리되고 있다는 취지의 지적을 내놓는 것에 대해선 적극 반박했다. 정 대표는 페이스북에 “1인 1표제는 민주주의 그 자체”라며 “민주주의는 지켜져야 한다”고 썼다.",https://www.hani.co.kr/arti/politics/politics_general/1263155.html
1263154,이 대통령 “한-이탈리아 특별 전략적 동반자 관계로 격상”,2026-06-11,정치,"이재명 대통령이 11일(현지시각) 이탈리아 정상회담을 통해 “양국 간 협력을 더 역동적으로 발전시키겠다는 의지를 담아, 양국 관계를 ‘특별 전략적 동반자 관계’로 격상하기로 합의했다”고 말했다. 이 대통령은 이날 로마 대통령궁에서 열린 정상회담 뒤 공동언론발표에서 “그간 축적된 신뢰와 유대, 양국이 공유하는 가치를 바탕으로 공동번영을 향한 새로운 협력의 장을 열어나갈 것”이라고 말했다. 양국은 2018년 수립한 ‘전략적 동반자 관계’를 이번 정상회담을 계기로 ‘특별 전략적 동반자 관계’로 한 단계 격상했다. 이 대통령이 정부 출범 이후 유럽을 국빈 방문한 것은 이번이 처음이다. 김대중 전 대통령 이후 26년 만에 우리 국가 정상의 이탈리아 국빈방문이기도 하다. 이 대통령은 “양국 간 교역·투자 협력을 더욱 호혜적으로 발전시키고, 양국 기업의 안정적 경영 활동을 위해 함께 노력하겠다”며 “특히 이번에 체결되는 ‘중소기업 협력 양해각서’와 ‘사회연대경제 협력 양해각서’는 중소기업·소상공인을 위한 실질적인 지원책을 발굴하고, 양국 사회연대경제 생태계를 활성화하는 중요한 기반이 될 것”이라고 말했다. 12일 로마에서 열리는 ‘한-이탈리아 비즈니스 라운드 테이블’에는 이재용 삼성전자 회장과 조현준 효성 회장 등이 참석할 예정이다. 또 첨단산업 및 과학기술 분야에서 양국의 미래지향적인 협력을 더욱 확대하기로 했다. 이 대통령은 “이번에 채택하는 ‘첨단 과학기술 및 정보통신기술(ICT) 협력에 관한 양해각서‘는 인공지능, 양자산업, 6세대 이동통신, 첨단바이오 등 국가 전략기술 분야에서 양국의 파트너십을 더욱 고도화할 제도적 기반이 될 것”이라고 말했다. 아울러 미국·이스라엘-이란 전쟁 장기화로 인한 에너지 안보에 대해서 협력을 해 나가기로 했다. 이 대통령은 “최근 중동 전쟁에서 비롯된 공급망 위기를 겪으며, 우리는 우방국 간 공조의 필요성을 절실히 체감하고 있다”며 “한·이탈리아 양국은 에너지 안보와 공급망 안정을 함께 도모하며 긴밀히 소통하고 협력해 나갈 것”이라고 말했다. 이 대통령은 한반도 문제와 관련해선 “저는 마타렐라 대통령께 한반도 평화공존과 공동 성장을 위한 구상에 대해 말씀드렸다”며 “대통령님께서는 우리 정부의 대화와 협력 의지를 높이 평가하며, 한반도 평화와 안정을 위해 함께 노력하겠다고 화답해 주셨다”고 말했다.",https://www.hani.co.kr/arti/politics/bluehouse/1263154.html
1263149,"지방선거 후폭풍…정청래, 8월 전당대회 나갈까?[공덕포차]",2026-06-11,정치,"6·3 지방선거 패배의 책임을 둘러싼 공방이 8월 전당대회를 앞두고 민주당 내 갈등으로 격화되고 있습니다. 11일 오전 비공개 의원총회에서 정청래 대표를 향한 사퇴 요구가 분출됐습니다. 장철민·임미애 의원 등은 서울시장 선거 패배에도 당 차원의 각성이 없었다며, 정 대표가 연임에 도전하려면 중립성과 공정 관리를 위해 즉각 사퇴해야 한다고 주장했습니다. 전날 최고위원회에서도 황명선 최고위원이 불출마를 선언하며 정 대표를 압박했고, 박지원 의원은 지도부 총사퇴를 촉구했습니다. 이런 압박 속에서 정 대표는 “민심이 천심이다”, “국민을 이기는 정권은 없다”며 이재명 대통령을 향한 공개 반기로 정면 승부 의지를 드러냈습니다. 하지만 민심은 녹록지 않습니다. 엠브레인퍼블릭·케이스탯리서치·코리아리서치·한국리서치가 이날 공개한 전국지표조사(NBS) 결과를 보면, 지방선거 결과에 대해 ‘야권이 선전했다’는 응답이 45%로 ‘여권이 선전했다’(31%)를 앞섰습니다. 이 대통령의 국정운영 긍정 평가도 57%로 3주 전(66%)보다 9%포인트 하락했고, 정당 지지도는 민주당이 4%포인트 내린 41%, 국민의힘이 5%포인트 오른 25%로 격차가 좁혀졌습니다. 이번 조사는 지난 8∼10일 만 18살 이상 국민 1001명을 대상으로 진행됐습니다. 자세한 내용은 중앙선거여론조사심의의원회 누리집을 보면 됩니다. 지방선거 책임 공방이 뜨거워지는 가운데, 정청래 대표는 8월 전당대회에 출마할까요? 이재명 대통령은 흔들린 지지율을 다시 끌어올릴 수 있을까요? 예상 밖 박빙 승부로 끝난 국민의힘 원내대표 경선, 정점식 의원이 결선 투표 끝에 7표 차로 승리한 것은 무슨 의미일까요? 공덕포차에서 알아봅니다. 영상으로 확인하시죠! 제작진 책임 프로듀서 : 정은주 진행 : 김완 출연 : 장성철 김준일 타이틀 : 문석진 기술 : 박성영 카메라 : 장승호 자막그래픽디자인 : 정현선 행정 : 김근영 작가 : 박연신 연출 : 정주용 이규호 장지남 제작 : 한겨레TV",https://www.hani.co.kr/arti/politics/politics_general/1263149.html
1263147,"이 대통령, 고노 전 의장 애도…“고노 담화, 한일관계 주춧돌”",2026-06-11,정치,"이탈리아를 국빈 방문 중인 이재명 대통령이 11일(현지시각) 자민당 총재를 역임한 고노 요헤이 전 중의원 의장이 별세한 데 대해 “삼가 고인의 명복을 빌며, 유가족 여러분들께도 깊은 위로의 말씀을 전한다”고 말했다. 이 대통령은 이날 엑스(X·옛 트위터)에 “고노 전 의장님은 일본 정계의 존경받는 원로로서 이웃 국가들과의 화해와 신뢰 관계 구축에 힘쓰며 한일관계의 발전에도 큰 역할을 하셨다”며 “특히 1993년 발표한 ‘고노 담화’는 위안부 문제와 관련하여 ‘많은 여성들의 명예와 존엄에 깊은 상처’를 남긴 역사적 사실을 인정하고, ‘마음에서 우러나오는 사죄와 반성의 마음’을 명기한 최초의 공식 문서였다”고 말했다. 고노 전 의장은 고노담화를 통해 역사의 사실을 외면하지 않고 교훈으로 직시하고, 같은 잘못을 결코 되풀이하지 않겠다는 의지를 표명했다. 이 대통령은 “고노 담화에 담긴 역사를 성찰하는 용기와 피해자의 아픔에 대한 공감은 한일 양국이 미래지향적 관계로 발전해 나가는 데 있어 중요한 주춧돌이 됐다”며 “고인이 남기신 업적과 숭고한 뜻을 소중히 기억하면서, 상호 존중과 신뢰에 기반한 미래지향적 한일관계를 발전시켜 나가기 위해 계속 노력하겠다”고 말했다. 고노 전 의장은 전날 89살로 별세했다. 고노 전 의장은 1967년 중의원 선거에서 자민당 소속으로 아버지의 지역구를 물려받아 처음으로 당선됐으며 이후 14회 연속 당선됐다. 2003년에는 중의원 의장에 취임했으며 이후 5년 반 동안 역임한 뒤 2009년 선거에는 출마하지 않고 은퇴했다.",https://www.hani.co.kr/arti/politics/bluehouse/1263147.html
1263135,한미 “북한 비핵화 공동목표 확인”…6차 핵협의그룹 회의,2026-06-11,정치,"한미 양국이 11일 제6차 한미 핵협의그룹(NCG) 회의를 열어 북한 비핵화 목표를 재확인하고, 핵협의그룹의 보안지침에 서명했다. 양국 국방부는 이날 서울 용산구 국방부에서 핵협의그룹 회의 뒤 발표한 공동언론성명에서 ‘북한 비핵화’를 공동 목표로 명시했다. 성명은 “북한의 핵·미사일 능력이 고도화되고, 변화하는 안보환경 속에서 한미동맹 및 확장억제를 강화하기 위해 한미 핵협의그룹 활동을 지속적으로 발전시켜 나가기로 했다”며 “한미는 북한의 비핵화에 대한 공동의 목표를 확인했다”고 밝혔다. 이재명 정부 들어 처음 열렸던 지난 5차 회의 공동성명엔 “북한의 비핵화” 표현이 없었는데, 이번에 포함된 것이다. 양국은 이어 “미국 쪽은 핵을 포함한 미국의 모든 범주의 능력을 활용하여 대한민국에 확장억제를 제공하는 공약을 재확인했다”고 덧붙였다. 회의는 김홍철 국방부 국방정책실장과 로버트 수퍼 미 전쟁부(국방부) 핵억제·화생방 정책 및 프로그램(WMD) 대응정책 부차관보 공동 주관으로 진행됐고 양국 국방·외교·정보 관계관들이 배석했다. 회의는 지난해 12월 5차 회의가 열린 뒤 6개월여 만에 열렸다. 한미는 이번 회의에서 핵협의그룹 활동과 협의에 필요한 정보보호를 위한 ‘한미 핵협의그룹 보안지침’에도 서명했다. 이러한 보안과 정보공유, 핵위기 시 협의 절차, 한미 핵·재래식 통합(CNI) 연습과 훈련, 전략적 메시지 및 위험감소 등 핵협의그룹 추진 과업을 검토하고, 동맹의 핵억제와 대비 태세를 강화하기 위한 다양한 방안도 논의했다. 한미 핵·재래식 통합은 미국이 핵작전을 주도하면 한국이 재래식 전력으로 이를 지원하는 개념이다. 지난 5차 회의에서 양국은 처음으로 “한국이 한반도 재래식 방위에 대한 주도적 역할을 수행해 나갈 것”이라고 명시했다. 한미 양쪽 대표는 이번 회의 결과를 제58차 한미안보협의회(SCM)에서 양국 장관에게 보고하기로 합의했다. 또 제7차 핵협의그룹 본회의 개최계획을 포함한 올해 후반기 핵협의그룹 추진과업과 주요활동을 승인했다.",https://www.hani.co.kr/arti/politics/politics_general/1263135.html
1263115,"파키스탄행 한국 LNG선, 호르무즈해협 통과",2026-06-11,정치,"휴전 협상 중에도 이란에 대한 미국의 공습이 계속되는 가운데, 호르무즈해협에 발이 묶였던 한국 선박 1척이 11일 해협을 빠져나왔다. 미국·이스라엘-이란 전쟁 발발 뒤 한국 선박이 호르무즈해협을 통과한 건 지난달 에이치엠엠(HMM) 유니버설 위너호에 이어 두번째다. 외교부는 이날 “한국 선박 1척이 호르무즈해협을 통과해 항행 중”이라며 “이번 통항 관련 협의 등의 사항은 타국적 용선사 쪽에서 주도해 이뤄졌으며, 이 선박은 최종 목적지인 제3국으로 향하고 있는 것으로 알고 있다”고 밝혔다. 용선사는 선주에게 배를 빌려 사용하는 회사를 뜻한다. 이란 정부와 협의를 주도한 용선사는 ‘카타르에너지’이며, 선박의 최종 목적지는 파키스탄인 것으로 전해졌다. 해당 선박은 한국 선사가 운용하는 액화천연가스(LNG) 운반선으로, 파키스탄에 천연가스를 운송하는 과정에서 발이 묶인 상태였다. 한국인 선원은 8명이 타고 있는 것으로 알려졌다. 파키스탄은 이번 중동 전쟁에서 이란과 긴밀하게 소통하며 중재를 시도했던 국가로, 이란과의 관계를 바탕으로 선박을 안전하게 빼낼 수 있던 것으로 보인다. 카타르에너지 또한 이란과 협의를 거쳐 지속적으로 액화천연가스 운반선들을 이동시키고 있다. 한국 선박이 호르무즈해협을 통과한 건 우리 정부가 이란 정부와 협의해 지난달 20일 유니버설 위너호가 빠져나온 지 20여일 만이다. 원유 200만배럴을 실은 유니버설 위너호는 전날 울산항에 도착했다. 호르무즈해협에 발이 묶인 한국 선박은 24척으로 줄었다. 해협 내 한국인 선원은 외국 선박에 승선 중인 인원을 포함해 모두 139명이다. 남은 선박이 언제쯤 해협을 빠져나올 수 있을지는 현재로선 불투명하다. 휴전 협상이 공전하면서 해협 인근을 향한 미국의 공습이 이틀째 계속되고, 이란은 이날 호르무즈해협 폐쇄를 선언했다. 우리 정부는 이란 정부와 소통하고는 있지만, 선박 통항과 관련한 진척은 없는 것으로 전해졌다.",https://www.hani.co.kr/arti/politics/politics_general/1263115.html
1263102,"정부, 쿠팡 6246억 과징금 관련 “미국 정부에 설명할 것”",2026-06-11,정치,"11일 개인정보보호위원회(개인정보위)가 개인정보 유출 및 침해 사고를 일으킨 쿠팡에 과징금 6246억8100만원의 과징금 등을 부과하기로 결정한 것과 관련해, 외교부는 “미국 정부에 관련 내용을 설명할 계획”이라고 밝혔다. 쿠팡이 미 정부와 의회에 로비력을 총동원해 한국 정부를 압박했던만큼, ‘역대 최대 규모’의 과징금 처분에 대한 미 정부의 반응이 주목된다. 외교부 당국자는 이날 기자들과 만나 “쿠팡을 포함한 미국 디지털 기업에 대한 비차별 정책과 관련한 내용이 한미 정상 합의사항인 조인트팩트시트(공동설명자료)에도 담겨 있다”며 “비차별 정책을 견지하면서 쿠팡에 대한 (개인정보위의) 처분 결과를 미국 쪽에 차분하게 설명할 것”이라고 말했다. 이 당국자는 “개인정보위가 책임에 상응하는 처분을 부과한다는 원칙 하에 국내법에서 정한 절차에 따라 공정하게 조사를 진행했고, 조사 과정에서 쿠팡이 충분히 의견을 개진할 수 있도록 기회를 부여한 것으로 안다”고 말했다. 외교부는 미 국무부에 개인정보위 결정의 내용과 배경을 설명할 것으로 보인다. 앞서, 개인정보위는 이날 쿠팡이 회원과 비회원 3755만명의 개인정보를 유출하고, 법적 근거 없이 회원 117만여명의 온라인 활동 기록을 무단으로 수집했다는 사유 등으로 모두 6246억8100만원의 과징금과 1680만원의 과태료를 부과했다. 미국은 트럼프 행정부에 들어 자국 디지털 기업에 대한 규제를 비관세 무역 장벽으로 보는 경향이 더 커졌다. 게다가 쿠팡은 백악관과 국무부, 의회에 대한 전방위적 로비로 정부 관료와 정치인들을 움직여 수개월간 한국 정부에 압박을 가해왔다. 지난 1월 김민석 국무총리가 워싱턴에서 제이디 밴스 미국 부통령을 만났을 때 밴스 부통령이 쿠팡 문제를 직접 언급할 정도였다. 관세협상 과정은 물론, 원자력·핵추진잠수함 등 안보협상이 연초부터 수개월간 지연된 데에도 쿠팡 문제에 대한 미국의 불만이 작용했다는 지적도 나왔다. 한-미는 지난 2∼3일 첫 안보협상을 하며 논의의 불씨를 살렸고, 쿠팡 문제와 같은 외부 요인이 협상에 지장을 주지 않도록 잘 관리해 나가자는 공감대도 쌓은 상황이다. 하지만 불확실성이 큰 트럼프 행정부의 특성과 그간 쿠팡 문제를 다뤄온 미 의원들의 반응 등을 고려하면, 이번 과징금 부과를 계기로 다시 압박을 이어갈 가능성이 크다. 미국 글로벌 디지털 뉴스플랫폼 ‘세마포’는 이날 “트럼프 쪽 인사들이 쿠팡과 한국의 갈등에 불을 지핀다”는 제목의 기사에서 미 공화당 인사들이 쿠팡을 방어하기 위해 나서고 있다고 보도했다. 이 매체는 쿠팡 사안에 정통하다는 관계자를 인용해 “제이미슨 그리어 미국 무역대표부(USTR) 대표가 쿠팡의 우려를 해결할 방안을 마련하기 위해 직접 노력하고 있다”고도 전했다. 또, 쿠팡이 ‘친트럼프 마가(MAGA)’ 성향의 로비스트 네트워크를 활용하기 시작하면서 미국에서 쿠팡을 돕자는 목소리가 커졌다고 보도했다.",https://www.hani.co.kr/arti/politics/politics_general/1263102.html
1263089,"이 대통령, 한-EU 정상회담서 “철강 무관세 쿼터 우호적 고려 강력 요청”",2026-06-11,정치,"이재명 대통령이 지난 10일(현지시각) 벨기에 브뤼셀에서 열린 한-유럽연합(EU) 정상회담에서 “철강 무관세 쿼터를 최대한 확보하기 위해 자유무역협정(FTA) 체결국이자 전략적 파트너인 한국에 대한 우호적 고려를 강력히 요청했다”고 청와대가 밝혔다. 김용범 청와대 정책실장은 11일 이탈리아 로마 시내에 마련된 프레스센터에서 열린 브리핑에서 “한-유럽연합 정상의 지침에 따라 통상본부장과 유럽연합이 쿼터 물량을 집중적으로 협상을 진행했고, 최대한 진전이 이뤄졌다”며 “여타국 대비 좋은 결과가 있을 것으로 보인다”고 말했다. 유럽연합은 다음달 1일부터 저율관세할당(TRQ) 제도를 통해 무관세 수입 쿼터를 절반 수준으로 축소하고, 할당 물량을 초과하는 수입품에는 50%의 관세를 부과할 방침이라고 밝힌 바 있다. 이 대통령은 전날 안토니우 코스타 유럽연합 정상회의 상임의장, 우르줄라 폰데어라이엔 유럽연합 집행위원장과의 정상회담에서 유럽연합의 철강 관세 부과를 주요 의제로 다뤘다. 김 실장은 “이번 협상은 신규제도 시행일인 7월1일을 앞두고 매우 제한된 시간 내에 진행되다 보니 어려움이 있었으나 최고위급에서 제기할 수 있는 좋은 계기가 됐다”며 “이 대통령은 한-유럽연합 정상회담에서 양국 관계의 중요성을 설명하고, 철강 문제에서 한국 기업이 불합리한 불이익을 받지 않도록 관심을 기울여 줄 것을 요청했다”고 말했다. 또 “산업협력과 공급망 안정 등에 광범위한 영향을 미칠 수 있다는 점을 설명하고, 호혜적 경제협력 관계에 걸맞은 관계가 도출될 수 있다는 점을 강조했다”고 말했다. 이에 유럽연합 측은 “공동가치를 공유하는 국가이자 파트너 국가로 최대한 (한국을) 고려하겠다”고 말했다고 김 실장은 전했다.",https://www.hani.co.kr/arti/politics/bluehouse/1263089.html
1263079,‘투표지 부족’ 국조요구서 본회의 보고…조사 기간·내용 협상 돌입,2026-06-11,정치,"6·3 지방선거에서 벌어진 ‘투표용지 부족사태’를 다루는 국정조사 요구서가 11일 국회 본회의에 보고됐다. 국정조사의 세부 내용을 둘러싼 여야 협상도 본격화됐다. 이날 국회 본회의에는 더불어민주당과 국민의힘 양당 소속 의원이 모두 이름을 올린 국정조사 요구서가 각각 제출돼 보고됐다. 국회의장은 국정조사요구서가 제출되면 지체없이 본회의에 보고하게 돼 있다. 국회의장은 이후 양당과 협의해 국정조사 특별위원회를 구성하고 조사기간과 목적, 조사 범위 등을 기재한 조사 계획서를 마련해 본회의 의결 절차를 거치게 된다. 조정식 국회의장은 이날 한병도 민주당·정점식 국민의힘 원내대표와 회동한 자리에서 “신속하게 국정조사특별위원회를 구성하고 다음 주 본회의에서 국정조사계획서를 처리해 하루라도 빨리 진상규명에 나설 수 있도록 적극 힘을 모아달라”고 당부했다. 비공개 회동 이후 장현주 국회의장 공보소통수석은 기자들과 만나 “조 의장은 다음 주 본회의 일정을 잡아 국정조사 관련 특위도 구성하고 국정조사 계획서를 협의하자는 제안을 하셨고 양당 원내대표도 그 취지에 공감했다”고 말했다. 민주당과 국민의힘은 국정조사 기간과 조사 내용 등을 둘러싼 구체적인 협상에 들어갔다. 민주당은 오는 18일 국정조사계획서 의결을 목표로 협상을 진행한다는 계획이다. 다만 조사 범위나 특위 구성에 입장이 엇갈린다. 민주당과 국민의힘 모두 특위 위원장을 맡겠다고 주장했다. 민주당은 국회 의석 비율에 따라 특위를 구성해야 한다는 입장이지만, 국민의힘은 여야 동수를 고집하고 있다. 이날 엠브레인퍼블릭·케이스탯리서치·코리아리서치·한국리서치가 지난 8일부터 10일까지 전국 만 18세 이상 남녀 1001명을 대상으로 실시한 전국지표조사(NBS) 결과, 일부 투표소에서 발생한 투표용지 부족 사태와 관련해서는 응답자의 85%가 국정조사가 필요하다고 답했다. 필요하지 않다는 응답은 11%였다.",https://www.hani.co.kr/arti/politics/politics_general/1263079.html
1263077,“부정선거에 당 오염” 사퇴론 분출…장동혁은 ‘버티기’,2026-06-11,정치,"국민의힘에서 6·3 지방선거 패배의 책임을 지고 장동혁 대표 등 지도부가 총사퇴해야 한다는 주장이 잇달아 분출되고 있다. 그러나 장 대표는 “지금 대한민국에서 투표용지 부족 사태보다 중요한 것은 없다”며 버티기에 나서면서 당내 갈등이 고조될 조짐이다. 우재준 국민의힘 청년최고위원은 11일 국회에서 열린 당 최고위원회의 공개 발언에서 “우리 모두 사퇴했으면 좋겠다”며 “다음 지도부를 위해서 미래를 열어줬으면 좋겠다”고 말했다. 그는 이어 “우리가 다시 전당대회를 열어서 장 대표는 재선거를 통해 다시 출마해서 다시 평가를 받으셔야 된다. 그래야 불만이 있는 당원들도 승복하고 우리가 다시 하나 돼서 갈 수 있다”고 했다. 우 의원은 친한동훈계로 분류된다. 당권파 최고위원들은 즉각 장 대표 엄호에 나섰다. 장 대표 최측근인 조광한 최고위원이 “철없는 소리를 공개적으로 하는 건 정치적으로 굉장히 미숙한 것”이라고 직격하고, 우 최고위원이 “철없는 소리라니요”라며 맞받으면서 회의장이 일순간 얼어붙었다. 이어 마이크를 잡은 장 대표 쪽 김민수 최고위원은 “방금 같은 안건들은 비공개회의에 참석해서 이야기하셔야지”라며 “왜 비공개회의에 단 한 번도 제대로 참석하시지 않는 분이 여기에서 당이 아니라 개인의 계파를 외치려고 하나”라고 공세를 폈다. 그러자 장 대표는 “지금 대한민국에서 이 투표용지 부족 사태보다 중요한 건 없다. 여든 야든 정치권에서 반드시 이 문제를 해결해야 한다”고 했다. 그러면서 “지금 그 이슈(지도부 퇴진론)로 간다면 우리 당은 결국 당내 문제로 매몰될 것”이라며 “당 지도부에 어떤 선택을 요구하거나 길을 열려면 (국민의힘 소속) 110명 의원이 이 사태를 어떻게 해결할지 답을 먼저 줘야 한다”고 했다. 사퇴 의사가 없음을 분명히 한 것이다. 최고위 파행 직후 당내 개혁성향 의원모임인 대안과미래 의원들도 장 대표 거취를 압박했다. 이들은 “장 대표의 리더십은 붕괴됐고, 이는 오롯이 장동혁 지도부의 책임”이라며 사퇴를 촉구했다. 또 “장 대표는 투표용지 부족 사태로 인한 국민의 참정권 침해를 ‘부정선거 음모론’으로 오염시키지 말라”며 “(장 대표가 주장하는) 전국적인 재선거에 대해선 분명히 반대한다”고 했다. 이들은 신임 정점식 원내대표에게 장 대표 거취와 참정권 침해 문제에 대해 총의를 모을 의원총회 소집을 요구했다. 장 대표 사퇴론은 부정선거론에 대한 당내 우려와도 맥을 같이 한다. 투표용지 부족 사태를 방패막이 삼아 자리 보전을 꾀하려다가 부정선거론에까지 편승하고 있다는 지적도 잇따른다. 한 재선 의원은 이날 한겨레 “장 대표가 내려오는 건 어차피 시간문제였지만, 참정권 침해만 얘기했으면 당장 내려오라고 말하기가 어려웠을 상황”이라며 “장 대표가 부정선거 음모론까지 (이용해 당을) 오염시키니 자기 무덤을 스스로 판 것이다. 장 대표에 대한 사퇴 요구는 앞으로 더 거세질 수밖에 없다”고 했다.",https://www.hani.co.kr/arti/politics/politics_general/1263077.html
1263069,이 대통령 지지율 잇따라 9%p대 급락…“선거 부진·여권 갈등 영향”,2026-06-11,정치,"6·3 지방선거 뒤 이재명 대통령의 국정 운영에 대한 긍정 평가가 하락했다는 여론조사가 잇따라 나오고 있다. 엠브레인퍼블릭·케이스탯리서치·코리아리서치·한국리서치가 11일 공개한 전국지표조사(NBS) 결과(지난 8~10일 만 18살 이상 1001명 대상 전화면접조사, 표본오차는 95% 신뢰수준에 ±3.1%포인트)를 보면, 이 대통령의 국정 운영에 대해 ‘잘하고 있다’는 긍정 평가가 57%로 집계됐다. ‘잘 못하고 있다’는 부정 평가는 33%였다. 이는 지난달 18~20일(5월 3주차)에 실시된 직전 조사와 비교해 긍정 평가는 9%포인트 내려가고, 부정 평가는 9%포인트 오른 수치다. 이 대통령의 국정 지지도가 60% 아래로 내려간 것은 지난 1월 4주차 조사(59%) 이후 처음이다. 한국리서치 쪽은 한겨레에 “이번 지방선거는 대통령에 대한 중간평가 성격”이라며 “예상보다 부진한 선거 결과에다 이후 여당 내의 갈등 조짐 등으로 대통령 국정 운영 평가에 영향을 미친 것으로 보인다”고 말했다. 앞서 한국사회여론연구소(KSOI)가 지난 8~9일 실시한 무선자동응답(ARS) 방식 조사에서도 이 대통령의 국정 수행 지지도는 직전 조사(5월 4주차) 대비 9.4%포인트 급락한 50.4%를 기록했다. 전국지표조사에서는 이번 지방선거 결과에 대해 ‘국민의힘 등 야권이 예상보다 선전했다’는 응답이 45%, ‘더불어민주당 등 여권이 예상보다 선전했다’는 응답은 31%였다. ‘모름·무응답’은 24%였다. 정당 지지도는 더불어민주당이 41%, 국민의힘이 25%였다. 민주당은 3주 전보다 4%포인트가 줄었고, 국민의힘은 5%포인트가 올랐다. 특히 서울에서는 민주당과 국민의힘 지지율이 각각 30%, 31%로 사실상 동률이었다. 자세한 내용은 중앙선거여론조사심의위원회 누리집을 보면 된다.",https://www.hani.co.kr/arti/politics/politics_general/1263069.html
1263066,이 대통령 “‘안미경중’ 유효성 잃어…국익 기반 새 접근법 모색”,2026-06-11,정치,"이탈리아를 국빈 방문 중인 이재명 대통령이 11일(현지시각) “한국 외교는 그간 ‘안미경중’(안보는 미국, 경제는 중국)이라는 틀로 규정됐으나 최근의 지정학적 환경 변화 가운데 기존의 이분법적 접근 방식은 유효성을 잃었다고 본다”고 말했다. 이 대통령은 이날 공개된 이탈리아 일간지 ‘꼬리에레델라 세라’와 인터뷰에서 “한국은 미·중 사이에서 균형을 유지하려 한다기보다는 우리 국익에 기반해 경쟁·협력·도전 요인에 따라 다각적인 인식 하에 새로운 접근 방식을 모색해 나가고자 한다”고 말했다. 그러면서 이 대통령은 “중국은 한국의 최대 교역국이자 필수적인 공급망 파트너”라며 “그러나 한편으로는 양국의 경쟁 측면도 커진 게 사실이다. 중국의 산업 경쟁력과 첨단 기술이 고도화됐기 때문”이라고 말했다. 이 대통령은 이어 “이 시점에서 미국과의 경제협력이 첨단 분야로 확대되는 것은 우리 산업 경쟁력 강화 및 경제 고도화에 도움이 되는 요소”라고 덧붙였다. 미·중 가운데 어느 한쪽을 선택하기보다 국익을 기준으로 사안별 협력과 경쟁을 병행하는 실용외교 기조를 재확인한 것으로 풀이된다. 또 한미 동맹을 강조하면서도 의존적 동맹국이 아니라 스스로 안보를 책임지는 능력 있는 파트너가 되겠다고 강조했다. 이 대통령은 “미국과의 동맹은 여전히 한국 외교의 기본 축이나 시대와 현실에 맞게 동맹을 심화·발전시키는 동시에 자강을 공고히 하고 다양한 국가들과의 연대를 활성화하는 전략을 추진하고자 한다”며 “이는 미국이 원하는 동맹의 방향과도 일맥상통한다. 이를 위해 한국 정부는 우리 군에 대한 전시작전통제권 회복과 국방비 증액 등을 추진해 나가고 있다”고 말했다. 우리 정부는 2027년까지 전작권 전환을 목표로 하고 있다.",https://www.hani.co.kr/arti/politics/bluehouse/1263066.html
1263058,"후쿠시마 원전 오염수 방류, 경보 울려 정지됐다 재개",2026-06-11,정치,"일본 도쿄전력이 후쿠시마 원자력발전소 방사능 오염수를 방류하던 중 경보가 울려 방류가 자동 정지됐다가 24시간 만에 재개됐다. 김영수 국무조정실 국무1차장은 11일 서면 브리핑을 통해 “어제(10일) 한-일 외교·규제 채널을 통해 도쿄전력의 오염수 20차 방류 과정에서 이송 공정 경보 발생으로 10일 오후 4시17분께 방류가 자동 정지된 상황을 즉시 공유받았다”고 밝혔다. 그는 이날 저녁 다시 공지문을 내어 “경보를 발생시킨 오염수 탱크와 이송펌프 사이의 밸브를 교체한 뒤 11일 오후 4시30분 방류가 재개됐다”고 전했다. 도쿄전력은 지난 2023년 8월 후쿠시마 오염수를 방류하기 시작했으며, 이번이 20번째 방류 작업이었다. 이번에는 지난 1일부터 오는 19일까지 오염수 약 7800t을 바닷물로 희석해 바다로 방류하게 된다. 도쿄전력이 오염수 방류 작업을 시작한 이후 도중에 중단된 것은 이번이 6번째라고 일본 교도통신은 전했다.",https://www.hani.co.kr/arti/politics/politics_general/1263058.html
1263043,박지원 “‘정청래 나가라’는 게 대통령 뜻…지도부 총사퇴해야”,2026-06-12,정치,"박지원 더불어민주당 의원이 정청래 민주당 대표가 대표직에서 물러날 것을 공개적으로 촉구했다. 박 의원은 10일 문화방송(MBC) ‘권순표의 뉴스하이킥’과의 인터뷰에서 “이미 대통령이 말했다”며 “서울시장을 이래가지고(패배해서) 우리가 산술적으로는 승리했지만 정치적 패배를 해서 허탈한데, 그렇게 말했으면 정청래 대표 등 민주당 지도부가 대통령의 ‘벽오동 심은 뜻’을 알아야 한다”고 말했다. 앞서 이 대통령은 지난 8일 취임 1주년 기자회견에서 6·3 지방선거 결과에 대해 “국민들이 주는 경고”라며 “최소한 성공은 아니다”라고 평가한 바 있다. 박 의원은 “‘벽오동 심은 뜻’이 뭐냐”는 진행자의 질문에 “(정 대표가) ‘나가라’다”라고 잘라 말했다. 이어 “책임지고 나가라. 그리고 오동잎 떨어지면 가을이 온 것을 알아야지, 오동잎 떨어졌는데 이런 생각을 하는 건 아주 나쁘다”고 했다. 또 “물론 정 대표가 탄핵, 내란 청산, 3대 개혁 등 업적이 많다”면서도 “잘했어도 백공일과다”라고 말했다. 박 의원은 “정치인은 한 가지 잘못하면 국민은 책임을 묻는 것”이라며 “정 대표 등 지도부가 총사퇴하고, 책임을 지고 (전당대회에) 불출마 선언을 하라고 촉구한다”고 강조했다. 박 의원은 “코스피는 좋아도 서민 경제는 어렵다”며 “내란 청산, 3대 개혁을 성공적으로 하지 않으면 또다시 이명박, 박근혜, 윤어게인이 나오는 세상이 된다고 했는데 그 길로 민주당이 아스팔트 깔아준다”고도 했다.",https://www.hani.co.kr/arti/politics/politics_general/1263043.html
1263035,[뉴스 다이브] 정청래 면전서 ‘사퇴론’,2026-06-11,정치,"출연: 박진영 정치비평가, 정구승 변호사, 임세은 민주당 선임부대변인, 김창금 한겨레 스포츠팀 선임기자. 진행: 고현준. 정청래 “정권은 짧다” 파장...오늘 최고위에선 단결 강조/의총, 정청래 면전서 사퇴 요구 분출/민주당 전당대회 전초전?...조기과열 우려 목소리도/이 대통령, 외신 인터뷰서 “나도 악순환 희생양 될 가능성...”/국힘, 최고위서 ‘장동혁 사퇴론’ 충돌/한동훈, 정점식에 축하난...“보수 재건 공감”/“윤석열, 미친 줄 알았다” 의리조차 없는 ‘최측근’ 김태효/법무부, 윤석열 ‘구치소 독거실’ 공개...특혜 논란 반박/특검, 홍장원 재소환 “하고싶은 말 많은데...잘 설명하겠다”/쿠팡,1117만명 활동 정보 무단 수집...6,246억원 과징금/북중미 월드컵 체코전 D-1...관전 포인트는?/체코전 앞둔 홍명보 “모든 준비 끝...베스트 11 정했다”/손흥민 “마지막 월드컵이라고 단정 지은 적은 없다”/최초 3개국 공동 개최 월드컵...개막식도 최초 3번. 오늘 (6월 11일) 뉴스 다이브 많은 시청바랍니다.",https://www.hani.co.kr/arti/politics/politics_general/1263035.html
1263007,선관위 “송파구 투표용지 4만2000장 남아…분배 실패”,2026-06-11,정치,"‘6·3 지방선거 투표용지 부족 사태’로 질타를 받고 있는 중앙선거관리위원회가 투표용지 인쇄비율 하한 기준을 50%로 정한 배경에 대해 “잔여 투표용지 증가로 투표용지 검수 및 보관에 어려움이 있었고 투표율 대비 과도한 양의 투표용지를 인쇄하면 부정선거 의혹 제기에 시달렸다”고 밝혔다. 위철환 중앙선거관리위원장 직무대행은 11일 입장문 ‘국민 여러분께 올리는 말씀’을 내어 “이번 지방선거에서 발생한 투표용지 부족사태에 대해 국민들께서 몹시 궁금한 사항이 많은 상황이므로 핵심 사항을 간략하게 설명드리고자 한다”며 이렇게 밝혔다. 위 직무대행은 “본투표용지 인쇄 비율 50% 하한 기준이 어떻게 결정되었는지 궁금하실 것”이라며 “지난 선거 후 잔여 투표용지가 증가해 수백만장의 투표용지에 대한 검수 및 보관상의 어려움이 있었고 분실, 도난 및 탈취의 우려 또한 있었다. 특히, 선거일 투표율 대비 과도한 양의 투표용지 인쇄 시 부정선거 의혹 제기에 시달렸다”고 했다. 이어 위 직무대행은 “사전투표율이 증가하고 본투표율이 감소한 지역에서의 하한선 인하 필요성, 짧은 인쇄 기간으로 투표용지 인쇄소 확보 어려움 등을 현장에서 호소해 왔다”고도 했다. 중앙선관위는 지난해 12월10일 사무총장 전결로 “선거일 투표용지 인쇄매수는 예상 사전투표율 및 최근 선거의 투표율 등을 감안하여 축소인쇄 필요성이 인정되는 경우 위원회 의결로 선거인수 50%(하한)를 기준으로 조정 가능하다”는 제9회 전국동시지방선거 종합관리지침 등을 개정했다. 이에 따라 투표용지 인쇄매수 하한은 기존 60%에서 50%로 줄었다. 위 직무대행은 또 “지역 사정과 특성을 고려해 255개 구·시·군 선관위의 결정으로 투표용지 인쇄비율을 결정하도록 했다”며 “실제로 본투표 인쇄비율을 50%로 결정한 곳도 있고 옹진군 선관위의 경우 100%로 결정하기도 했다”고 덧붙였다. 아울러 위 직무대행은 송파구 투표용지 부족사태 발생 원인은 투표용지 분배 실패 때문이었다고 설명했다. 위 직무대행은 “본투표용지 인쇄비율 50%는 사전투표율 23.3%를 제외한 개념으로 전체 투표인쇄비율은 73.3%”이라 했다. 그러면서 “송파구의 총 유권자수는 56만5368명이고 송파구의 전체 투표율은 65.8%이므로 실제 송파구 전체로 보면 투표용지가 4만2000여 매가 남았다. 그런데 송파구 내 146개 투표소별 투표용지 분배에 실패한 것이 뼈아픈 실수였다”고 했다. 위 직무대행은 “외부인으로 구성된 진상규명위원회에서 엄정하게 (투표용지 부족사태를) 조사 중이고, 수사기관의 수사와 국회 국정조사에서 그 진상이 자세하게 밝혀질 것으로 예상한다”며 “그러나 그때까지 시간이 소요되고 국민 여러분의 궁금증은 날로 증폭돼 현재까지 제가 알고 있는 내용을 보고드리게 됐다”고 했다. 중앙선관위 상임위원이었던 위 직무대행은 노태악 중앙선관위원장 사퇴 및 대법원 지명 해제 통보에 따라 지난 8일부터 중앙선관위원장 직무를 대행하고 있다.",https://www.hani.co.kr/arti/politics/politics_general/1263007.html
1262995,"이 대통령 지지율 9%p↓…‘선거, 야권 선전’ 45%로 많았다 [NBS]",2026-06-11,정치,"이재명 대통령의 국정운영에 대한 긍정평가가 3주 전보다 9%포인트 하락했다는 여론조사 결과가 나왔다. 또, 6·3 지방선거에서 ‘야권이 선전했다’고 생각하는 국민이 ‘여권이 선전했다’는 국민보다 많은 것으로 나타났다. 엠브레인퍼블릭·케이스탯리서치·코리아리서치·한국리서치가 11일 공개한 전국지표조사(NBS) 결과(전화면접조사, 표본오차는 95% 신뢰수준에 ±3.1%포인트)를 보면, 이번 지방선거 결과에 대해 ‘국민의힘 등 야권이 예상보다 선전했다’는 응답이 45%, ‘더불어민주당 등 여권이 예상보다 선전했다’는 응답은 31%였다. ‘모름·무응답’은 24%였다. 지지 정당, 이념 성향별 응답을 보면, 모든 집단에서 ‘야권 선전’ 응답이 높았다. 지역별로는 광주·전남, 부산·울산·경남을 제외하고 모든 지역에서 ‘야권 선전’ 응답이 우세했다. 이 대통령의 국정운영에 대한 긍정평가는 57%였다. 3주 전 조사 때 66%보다 9%포인트 하락한 수치다. 부정평가는 33%로 3주 전 조사(24%)에 견줘 9%포인트 올랐다. 모름·무응답은 10%였다. 정당 지지도는 더불어민주당 41%, 국민의힘 25%로 나타났다. 민주당은 3주 전 조사(45%)와 견줘 4%포인트 하락했지만, 국민의힘은 5%포인트 올랐다. 이밖에 개혁신당 3%, 조국혁신당·진보당 각각 2% 순이었다. 태도유보층(지지정당 없음, 모름·무응답)은 24%였다. 이번 조사는 지난 8∼10일 만 18살 이상 국민 1001명을 대상으로 진행됐다. 자세한 내용은 중앙선거여론조사심의의원회 누리집을 보면 된다.",https://www.hani.co.kr/arti/politics/politics_general/1262995.html
1262979,정청래의 의미심장 “정치는 국민이 한다…이 대통령 선거 평가 공감”,2026-06-11,정치,"정청래 더불어민주당 대표가 “우리는 역사 속에서 단결하면 승리했고 분열하면 패배했다”며 “지금 마음을 가다듬고 해야 할 것은 이재명 대통령을 중심으로 뭉쳐 이재명 정부를 성공시키고 반드시 정권 재창출 해야겠다는 다짐과 결의”라고 11일 말했다. 정 대표는 “정치는 정치인이 하는 것 같지만 결국 국민이 한다”는 이 대통령의 어록을 소개하기도 했다. 정 대표는 이날 국회 예결위회의장에서 열린 의원총회 머리발언에서 “6·3 지방선거 결과에 대해 어제 저는 이 대통령님의 평가에 공감한다고 말씀드렸다”며 이렇게 말했다. 정 대표는 “이재명 정부 성공을 위해, 우리가 합심 단결하고 어렵게 지켜온 민주주의를 더 확장하는 게 우리 민주당 의원들이 해야 할 역사적 사명”이라며 “이재명 정부 성공과 정권 재창출이라는 대명제 앞에서 우리는 첫째도 단결, 둘째도 단결, 셋째도 단결해야 한다”고 강조했다. 정 대표는 “늘 그래 왔듯이 당·정·청은 원팀, 원보이스”라고도 했다. 이날 정 대표는 머리발언을 시작하며 이 대통령의 어록 두 가지를 소개하기도 했다. 그는 “이 대통령께서 하신 말씀 중에 제가 가슴속에 항상 새기고 있는 어록 두 가지가 있다”며 “하나는 ‘정치는 정치인이 하는 것 같지만 결국 국민이 한다. 국민만 믿고 국민만 보고 가야 한다’는 말씀이었고, 또 하나는 ‘우리 안의 작은 차이가 상대방의 그것보다 크겠느냐’는 우리 내부 단결을 강조하는 말씀을 자주 하셨다”고도 했다. 한편 정 대표는 중앙선거관리위원회의 ‘투표용지 부족사태’를 거론하며 “민주주의의 꽃인 선거가 이렇게 국민적 불신과 공분을 불러일으키는 부분에 대해서 국회가 할 수 있는 최고 수위의 조치를 다 해 국민에 응답해야 한다”고 밝혔다.",https://www.hani.co.kr/arti/politics/politics_general/1262979.html
1262978,"‘부정선거 팻말’ 공격 받자, 장동혁 “용어가 중요한가?…폄훼 말라”",2026-06-11,정치,"장동혁 국민의힘 대표가 ‘개표소 봉쇄 시위’ 현장을 찾아 ‘부정선거’ 손팻말을 들고 호응한 데 대해 김용태 국민의힘 의원은 “의원들이 경악했다”고 말했다. 김 의원은 10일 에스비에스(SBS) ‘주영진의 뉴스브리핑’에 출연해 “장 대표가 올림픽공원에서 열리고 있는 ‘재선거’ 촉구 (집회), 이제 서서히 또 ‘부정선거’를 주장하는 분들이 많이 모인다고 하는데, 그 집회에 참석해서 ‘부정선거’ 팻말을 들고 있었다는 기사를 봤냐”는 질문에 “사실 어제 의원들이 좀 경악하고 놀랐다”고 답했다. 김 의원은 이어 “물론 의원들은 올림픽공원에 나가 있는 순수한 2030 청년들의 재선거 주장은 굉장히 높게 평가하고 당연한 권리라고 생각하고 있지만, 당 대표가 개인적인 의견으로 ‘전국 재선거’를 주장하는 것에 있어서 당 대표의 의견이 당의 공식 의견이 아니라 개인 의견으로 소개되는 것에 의원들 입장에선 자존심이 매우 상하는 일”이라고 말했다. 김 의원은 “굉장히 정치적인, 무책임한 행동을 당 대표가 하고 있다”며 “당 대표가 주장하는 전국 재선거 요구에 대해서도 원내대표가 새로 뽑혔으니까 의원총회에서 이야기가 나오지 않을까 싶다”고 했다. 이어 “당론으로 뭔가 정해져야 저희가 시민들과 국민들께 소통하는 과정에서 당에 책임 있는 입장을 전달해야 될 때가 아닌가 싶다”고 덧붙였다. 앞서 장 대표는 지난 9일 저녁 검은색 모자와 마스크를 착용하고 서울 송파구 올림픽공원 핸드볼경기장 앞을 찾았다. 장 대표는 ‘부정선거 재선거 당일투표 수개표’라고 적힌 손팻말을 들고 시위에 참석했다. 시위대가 “부정선거! 재선거! 당일투표! 수개표!”라는 구호를 연신 외치자 장 대표는 이에 맞춰 태극기를 흔들면서 함께 자리를 지켰다. ‘당일투표’, ‘수개표’ 등은 사전투표 폐지를 요구하는 부정선거 음모론자들이 앞세우는 구호다. 박성훈 국민의힘 대변인은 이날 “장 대표가 ‘부정선거’ 팻말을 들었는데, 당의 입장이냐”는 질문에 “이번 선거를 부정선거로 규정하는 프레임 시도에 대해서는 저희 당의 입장이라고 말씀드리기는 어렵다”고 답했다. 박 대변인은 “장 대표가 올림픽공원에 간 것도 시민의 한 사람으로서 유권자의 한 사람으로서 참여한 것이고 당의 입장은 이제 새 원내대표가 의원들의 입장을 들어보고 의원총회라는 절차적 과정을 거쳐서 내놓게 될 것”이라며 “잘못된 프레임으로 국민의힘을 바라보지는 않았으면 좋겠다”고 덧붙였다. 장 대표는 반발했다. 장 대표는 이날 기자들과 만나 ‘부정선거’ 손팻말을 들고 시위에 참석한 것에 대한 질문을 받자 “부정선거로 규정하든 부실선거로 규정하든 (투표용지 부족이라는) 드러난 사실관계는 바뀌지 않는다”며 “거기에 뭘 썼는지를 가지고 마치 음모론을 제기하는 것처럼 폄훼하거나 그분들의 주장이 잘못된 것처럼 몰아가려고 하는 지금의 분위기 자체가 비상식”이라고 말했다. 이어 “용어가 중요한가? 도화지에 뭐라 쓰인 게 중요한가 하나만 보면 안 된다”고 덧붙였다. 장 대표는 11일 당 최고위원회 회의에서도 “(투표용지 부족 사태에) 시민들은 여러 이름을 붙일 수 있다”며 “시민들이 이 사태에 대해서 어떤 이름을 붙였는지 가지고 계속 이것을 폄훼하고 동력을 떨어뜨리려고 하고 시민들을 흩트려 놓으려고 하는 그 시도는 민주주의에 역행하는 것”이라고 주장했다.",https://www.hani.co.kr/arti/politics/politics_general/1262978.html
1262977,국힘 개혁파 모임 “장동혁 물러나라…전국 재선거 반대”,2026-06-11,정치,"국민의힘 개혁 성향 의원 모임 ‘대안과 미래’가 11일 장동혁 대표 사퇴를 공개적으로 촉구하고 나섰다. 대안과미래 소속 의원들은 이날 국회 소통관에서 기자회견을 열어 “국민의힘은 6·3 지방선거에서 참패했다”며 “장 대표의 리더십은 붕괴됐고, 이는 오롯이 장동혁 지도부의 책임”이라고 말했다. 이어 “국민은 이번 선거를 통해 국민의힘 지도부의 교체를 주문했다. 보수는 늘 책임을 중시해왔다”며 “장 대표가 진정 스스로 ‘보수’라 생각한다면 이제 그만 자리에서 물러나라”고 강조했다. 이들은 “장 대표는 투표용지 부족 사태로 인한 국민의 참정권 침해를 ‘부정선거 음모론’으로 오염시키지 말라”며 “중앙선거관리위원회의 총체적 부실에 따른 참정권 침해 문제 관련해 2030세대의 분노에 적극 공감하지만 전국적인 재선거에 대해선 분명히 반대 입장을 밝힌다”고 했다. 또한 “무엇보다 민주주의 꽃인 선거의 ‘공정’을 지키고자 모인 시민들의 요구를 ‘부정선거 음모론’으로 오염시키는 것은 보수정당의 대표로 결코 해서는 안 될 행위”라고 말했다. 이들은 아울러 “당 소속 의원들과 아무런 상의도, 토론도 하지 않고 장 대표가 독단적으로 결정해 ‘부정선거 음모론’을 주장하는 행위는 스스로 정당 민주주의를 부정하고 훼손한 것”이라고 덧붙였다. 전날 새로 선출된 정점식 원내대표를 향해서는 “장 대표 거취, 참정권 침해 문제에 대한 총의를 모을 의원총회를 소집해달라”고 촉구했다.",https://www.hani.co.kr/arti/politics/politics_general/1262977.html
1262974,정청래 ‘정권은 짧다’ 발언에 김용 “야당서 나오는 표현”,2026-06-11,정치,"6·3 지방선거 결과에 대한 더불어민주당 내 책임 공방이 과열되고 있는 가운데 정청래 대표의 “국민은 영원하고 정권은 짧다”는 전날 당 최고위원회 발언을 놓고 여러 해석이 나오고 있다. 대표적인 ‘친명계’ 인사로 꼽히는 김용 전 민주연구원 부원장은 11일 시비에스(CBS) 라디오 ‘박성태의 뉴스쇼’에서 정 대표의 발언에 대해 “상당히 부적절한 발언으로 야당에서 나오는 표현”이라며 “의도적인 것이라면 당 대표의 (지방선거에 대한) 책임을 분명히 지고 말해야지, 대표직을 유지하면서 정권은 짧다고 하는 것은 어불성설”이고 말했다. 전날 지방선거 결과에 대한 책임론을 두고 당 최고위원회에서 공방이 오가자 정 대표는 마무리 발언에서 “국민은 영원하고 정권은 짧다”고 한 바 있다. 김 전 부원장은 “기초자치단체장 선거에서 우리가 115곳, 국민의힘이 무려 95곳을 이겨 거의 완패했다 해도 과언이 아닌데, 당은 이걸 회피하고 있다”며 “대통령이 그런 부분까지 뼈아프게 느끼고 국민들께 사과하신 걸 당이 제대로 읽지 못하고 있다”고 말했다. 그러면서 “정청래 대표는 개인이 아니라 당 대표로, (선거 결과에 대한) 책임이 굉장히 크다”고 덧붙였다. ‘원조 친명계’로 불리는 김영진 의원은 이날 에스비에스(SBS) ‘김태현의 정치쇼’에 출연해 정 대표의 발언이 “모든 권력은 국민으로부터 나온다는 얘기랑 똑같은 것”이라면서도 “지금은 민심과 당심을 잘 맞춰가는 게 필요하다는 말이 필요하다”고 말했다. 김 의원은 그러면서 “정 대표가 선거를 진두지휘했기 때문에 서울 선거를 진 이유 등을 좀 더 구체적·종합적으로 평가하고, 어떻게 해야 할 것인지를 이야기하는 게 필요하다”며 “정 대표의 다음 당권 출마 여부를 판단하는 것은 당원과 국민이 할 일”이라고 했다. 이어 “친청·친명으로 구분해서 얘기하는 건 좋지 않다. 당권을 준비하는 분들도 자신이 왜 당대표를 하는 것인지 목표를 분명히 하지 않으면 민심과 당심의 엄혹한 평가를 받을 것”이라고 덧붙였다.",https://www.hani.co.kr/arti/politics/politics_general/1262974.html
1262971,"조갑제 “철부지 장동혁, 시국선언 학생들이 훨씬 어른스러워”",2026-06-11,정치,"조갑제 조갑제닷컴 대표가 10일 전국 18개 대학 총학생회가 동시다발로 발표한 시국선언에 대해 “부정선거 등 선동적 주장이 없었다”며 높이 평가했다. 조 대표는 전국 단위 재선거와 사전투표 폐지를 주장하는 장동혁 국민의힘 대표와 시국선언에 나선 대학생들을 비교하며 “학생들이 어른스럽고 장동혁은 철부지처럼 보였다”고 말했다. 조 대표는 이날 유튜브 영상과 페이스북 글을 통해 이같이 밝혔다. 조 대표는 “오늘 대학교 시국선언문에는 부정선거 규탄, 사전투표 폐지, 선거관리위원회 폐지, 재선거 요구 같은 선동적 주장이 없었다”며 “(이번 사태를) 국가에 의한 참정권 침해로 규정하면서도 문제를 민주적으로 해결해야 한다고 강조하고 있었다”고 평가했다. 조 대표는 “장 대표는 부실선거를 부정선거라고 선동하면서 사전투표 폐지와 재선거를 주장하고 있는데 학생들이 훨씬 성숙한 모습을 보였다”며 “학생들이 어른스럽고 장동혁은 철부지처럼 보였다”고 덧붙였다. 장 대표는 지난 9일 인천 등 일부 지역에서 여야 후보의 사전투표 득표수가 동일하다며 부정선거 의혹을 제기했고 같은 날 저녁 ‘부정선거’라고 적힌 손팻말을 들고 서울 송파구 올림픽공원 핸드볼경기장 앞에서 벌어지고 있는 ‘개표소 봉쇄 시위’에 참여하기도 했다. 마지막으로 조 대표는 “극우 노인들이 젊은이들은 부정선거 음모론으로 타락시키려 애쓰는데 잘되지 않을 것 같다”고 덧붙였다. 앞서 이날 한국대학총학생회공동포럼을 중심으로 연세대, 한국외대, 고려대, 서강대, 전남대, 서울대, 홍익대, 전북대 등 18개 대학 총학생회는 각 학교에서 동시다발로 시국선언을 발표했다. 각 학교 학생회가 마련한 별도의 시국선언문이 발표됐지만 관통하는 메시지는 동일했다. 이번 사태를 “국가에 의한 참정권 침해”로 규정하고 △국정조사, 특검 진상조사 △중앙선거관리위원회 구조 개혁 △청년도 참여하는 시민 참여형 감시기구 구성을 요구했다. 대학생들은 극우적 음모론에 기댄 ‘부정선거’ 프레임은 물론, ‘재선거’라는 상대적으로 온건한 요구사항마저 의식적으로 배제했다. 각 학교 시국선언문에는 공통적으로 “대학생 목소리를 정쟁으로 소비하지 말라”는 취지의 주장이 담겼다. 이날 장 대표의 대학생 간담회 개최에 대해서도 ‘총학생회 포럼과 무관하다’는 언론 공지문을 발표하기도 했다.",https://www.hani.co.kr/arti/politics/politics_general/1262971.html
1262965,[뷰리핑] “정권은 짧다” 정청래 발언 파장,2026-06-11,정치,"진행: 하어영 한겨레 정치팀 기자. 출연: 신인규 변호사, 박영식 시사평론가 정청래 “국민은 영원, 정권은 짧다” 충격 발언/이 대통령을 윤석열에 빗댄 이지은 대변인 ‘사퇴’/이 대통령 지지율 50.4%, 지선 후 9.4%P 하락/민주 38.6% 국힘 38.1% [KSOI]/이 대통령, 전직 대통령 잔혹사에 “나도 희생양 가능성”/잠실 투표용지 보관 상자, 송파구 선관위가 9일 폐기/장동혁, ‘시국선언 대학생 간담회’ 열고 재선거 촉구/국힘 원내대표, ‘원조 친윤’ 정점식 당선/“윤, 미친 줄” 오른팔 김태효 ‘혼자 살려고’ 원색적 비난. 오늘 (06월 11일) 뷰리핑 많은 시청바랍니다.",https://www.hani.co.kr/arti/politics/politics_general/1262965.html
1262951,"한국 LNG 운반선 1척, 호르무즈 해협 통과해 항행 중",2026-06-11,정치,"외교부가 11일 “한국 선박 1척이 호르무즈해협을 통과해 항행 중”이라고 밝혔다. 미국·이스라엘-이란 전쟁 발발 뒤 한국 선박이 호르무즈해협을 통과한 건 에이치엠엠(HMM) 유니버설 위너호에 이어 두번째다. 외교부는 이날 “금번 통항 관련 협의 등 사항은 타국적 용선사 측에서 주도해 이뤄졌으며, 동 선박은 최종 목적지인 제3국으로 향하고 있는 것으로 알고 있다”며 이렇게 밝혔다. 용선사는 선주에게 배를 빌려 사용하는 회사를 의미한다. 이 선박은 한국 선사가 운용하는 액화천연가스(LNG) 운반선으로, 한국인 선원 8명이 승선 중인 것으로 알려졌다. 한국 선박이 호르무즈해협을 통과한 건 지난달 20일 유니버설 위너호가 해협에서 빠져나온 지 약 20일 만이다. 200만배럴 원유를 실은 이 유조선은 전날 울산항에 도착했다. 유니버설 위너호는 정부가 이란 정부와 협의해 통항할 수 있었다. 이로써 호르무즈해협에 발이 묶인 한국 선박은 24척으로 줄었다. 해협 내 한국인 선원은 외국 선박에 승선 중인 인원을 포함해 모두 139명이다. 외교부는 “우리는 이란 쪽에 대해 호르무즈해협 내 우리 포함 모든 선박의 조속하고 안전한 항행을 강조해오고 있다”며 “이와 관련 유관국들과 지속 소통 중”이라고 했다.",https://www.hani.co.kr/arti/politics/politics_general/1262951.html
1262930,"한-EU 정상 “한반도 완전한 비핵화 의지 재확인…북, 우크라전 지원 중단해야”",2026-06-10,정치,"벨기에를 방문 중인 이재명 대통령이 10일(현지시각) 유럽연합(EU)과의 정상회담에서 한반도의 완전한 비핵화에 뜻을 모았다. 이 대통령은 이날 벨기에 브뤼셀의 유럽연합 이사회에서 안토니우 코스타 유럽연합 정상회의 상임의장, 우르줄라 폰데어라이엔 유럽연합 집행위원장과 정상회담을 한 뒤 발표한 공동성명에서 “우리는 북한의 핵 및 탄도미사일 프로그램에 대해 심각한 우려를 표명하며 한반도의 완전한 비핵화에 대한 의지를 재확인한다”고 밝혔다. 이 대통령과 코스타 상임의장은 북한이 러시아-우크라이나 전쟁에서 러시아를 지원하는 것에 관해서도 “러시아의 우크라이나에 대한 침략전쟁 지속을 가능하게 하는 제3자의 지원, 특히 북한의 지원을 규탄한다”며 이를 즉각 중단하라고 촉구했다. 아울러 미국·이스라엘-이란 전쟁으로 인한 항행 자유 문제에는 “호르무즈해협에서 항행의 자유와 안전한 통항, 민간인 및 민간 인프라 보호, 그리고 모든 이들이 유엔해양법협약(UNCLOS)에 반영된 해양법을 포함한 국제법을 전적으로 존중할 필요성을 강조한다”고 말했다. 이 대통령은 이날 오전에는 바르트 더 베버르 벨기에 총리와 정상회담을 하고, 필리프 국왕과도 면담했다.",https://www.hani.co.kr/arti/politics/politics_general/1262930.html
1262929,"선관위 “‘1900매’ 투표지 보관상자, 폐기 뒤 증거보전 결정문 전달받아”",2026-06-11,정치,"6·3 지방선거 투표용지 부족으로 문제가 됐던 서울 송파구 잠실7동 2투표소의 투표용지 보관 상자가 지난 9일 폐기된 것으로 드러났다. 서울시 선거관리위원회는 10일 보도자료를 내어 투표용지 부족 사태 관련 법원 증거 보전 명령이 내려진 잠실7동 2투표소 투표용지 보관 상자가 전날 이미 폐기됐다고 밝혔다. 앞서 서울동부지방법원은 김정철 개혁신당 서울시장 후보자의 6·3 지방선거 증거보전 신청을 일부 인용한 뒤, 이날 오후 3시께 투표소로 활용된 아파트단지 경로당에서 ‘투표용지 보관상자’ 등에 대해 증거보전을 위한 검증에 나섰지만 빈손으로 철수한 바 있다. 핵심 증거물인 ‘인쇄매수 1900매’ 표기가 있는 투표용지 보관 상자는 현장에 없었다고 한다. 김 후보자는 이에 대해 “1900매는 이곳 선거구 총선거인 수인 3856명의 50%에도 미치지 못하는 수량으로 선관위가 애초 자신들이 정한 기준조차 지키지 못했다는 부분을 증명한다는 점에서 증거로서 의미가 있다”고 했다. 서울시 선관위는 보관상자 처리와 관련 “통상 투표 마감 후에 투표소를 정리할 때 자체 폐기하고 있다”며 “잠실7동 제2투표소 투표용지 보관 상자의 경우, 지난 5일 투표함이 개표소로 이송된 이후 잠실7동 주민센터에서 상자를 회수해 보관하다가 9일 송파구 선관위로 소형기표대 등 회수 물품과 함께 반납한 사실이 확인됐다”고 했다. 서울시 선관위는 이어 “송파구 선관위는 9일 각 동에서 회수한 소형기표대 등을 폐기업체에 인계할 예정이었던 바, 해당 일자에 방문한 업체에게 폐기물품을 전달할 때 해당 투표소의 투표용지 보관상자 또한 함께 인계한 것으로 파악됐다”고 했다. 그러면서 “10일 법원에서 현장 검증을 실시한 잠실7동 2투표소의 투표용지 보관상자는 투표마감 후 선관위에서 회수해 법적으로 보관해야 하는 대상이 아니다”라고 했다. 서울시 선관위는 법원의 증거보전 결정문이 “폐기업체가 다녀간 이후 송파구 선관위에 팩스로 송달돼, 상자를 보존해야 한다는 판단을 할 수 없었던 상황”이라며 “김 후보자가 신청한 증거보전 대상을 송파구 선관위가 사전에 인지할 수 없었다”고 했다.",https://www.hani.co.kr/arti/politics/politics_general/1262929.html
1262927,"이 대통령 “초과이익 활용한 기본소득, 매우 유용한 정책 대안 중 하나”",2026-06-10,정치,"이재명 대통령이 막대한 초과이익을 창출하는 사업의 부상이 기존의 조세 및 분배 체계에 대한 재검토를 요구할 수 있으며, 이러한 초과이익의 일부를 활용해 기본소득을 도입함으로써 소비자들의 소비 여력을 뒷받침하는 방안이 “매우 유용한 정책 대안 가운데 하나”가 될 수 있다고 말했다고 10일(현지시각) 영국 주간지 이코노미스트가 보도했다. 이코노미스트는 이 대통령이 취임 1주년을 계기로 한 인터뷰에서, 한국 사회가 인공지능(AI)발 호황으로 인해 새로 창출된 부를 어떻게 공평하게 분배할지에 대한 어려운 문제를 던질 것이라고 전망하면서 이 문제에 대해 이 대통령이 이렇게 말했다고 보도했다. 청와대는 보도가 나온 뒤 “이 대통령은 막대한 초과 이익을 창출하는 산업들의 부상이 기존의 조세 및 분배 체계에 대한 재검토를 요구할 수 있으며, 이러한 초과 이익의 일부를 활용해 기본소득을 도입함으로써 소비자들의 소비 여력을 뒷받침하는 방안이 매우 유용한 정책 대안 중 하나가 될 수 있다고 설명한 것”이라고 말했다. 청와대는 “특정 기업이나 사안에 대한 언급은 아니며 인공지능 시대로 대전환하는 과정에서 자본주의 시장 질서의 지속과 유지를 위해 언젠가 직면할 수 있는 시대적 과제에 대해 한 말씀”이라고 말했다. 벨기에를 방문 중인 이 대통령은 지난 9일에는 엑스(X)에 2년간 한시 도입한 농어촌 기본소득 시범사업의 효과에 대해 언급하며, “이를 영구적으로 도입하고 금액을 상향하면 훨씬 효과가 크겠지요?”라고 썼다. 앞서 이 대통령은 지난 8일 취임 1주년 기자회견에서 반도체 호황에 따른 ‘초과 이윤’ 분배 문제와 관련해, “전부 다 개별 기업의 것만이냐에 대한 논쟁이 있을 수 있다”고 지적했다. 다만 이 대통령은 우리만 먼저 하면 해외 기업이 국내 투자를 꺼릴 수 있다는 취지로, “국제적 논의가 필요하다”고 신중한 태도를 보였다. 따라서 이날 인터뷰 발언은 인공지능 산업의 호황과 그로 인한 양극화 심화가 예상되는 가운데, 앞으로 점차 커질 사회적 분배 요구를 어떤 방식으로 논의할지에 대한 고민이 반영된 것으로 풀이된다. 이코노미스트는 이 대통령이 “반도체 제조 기업들이 국가의 덜 개발된 지역에 공급망을 구축하도록 유도하고 있다”고 말했다고 보도했다. 삼성전자와 에스케이(SK)하이닉스는 신규 반도체 공장을 호남 지역에 지을 것을 추진 중이다. 안보 문제와 관련해 이 대통령은 한국이 핵추진잠수함 건조를 추진하는 과정에서 독자적 핵무기 보유 우려가 나오는 데 대해 “바람직하지도 현실적이지도 않다”고 말했고, 남북 관계 개선과 관련해선 도널드 트럼프 미국 대통령의 “독특한 성격이 현재 상황에서 매우 도움이 될 수 있다”고 말했다. 이코노미스트는 또 대장동 사건 등 5건의 재판이 걸린 이 대통령의 앞날이 불안하다며 이에 이 대통령이 “(이 사건들이) 정치적 동기에 의한 것”이고 자신도 희생양이 될 가능성이 “꽤 높다”고 말했다고 전했다.",https://www.hani.co.kr/arti/politics/bluehouse/1262927.html
1262923,선거 이래놓고 당권투쟁 돌입한 여당…“대통령 대 대표 힘싸움 안돼”,2026-06-10,정치,"6·3 지방선거 결과에 대한 더불어민주당 내 책임 공방이 오는 8월 전당대회와 맞물리며 급격히 과열되고 있다. 비당권파는 10일 정청래 대표를 향해 ‘대표직 연임 도전 포기’를 요구했다. 이에 정 대표는 권리당원 ‘1인1표제’ 도입 성과를 강조하고 ‘의원총회 생중계 추진’ 뜻을 밝히는 등 ‘당심’ 공략을 이어가며 정면 돌파를 시사했다. 이날 민주당은 지방선거 뒤 처음 열린 최고위원회의에서 정청래 대표 책임론을 둘러싼 지도부 내 공개 충돌을 노출했다. 정 대표와 그동안 여러 현안을 두고 각을 세워온 황명선 최고위원은 “선거에서 승리하지 못하고 실패한 지도부의 한 사람으로서 출마를 안 하는 것이 당원에 대한 도리라고 생각한다. 저부터 책임을 통감하고 8월 전당대회에 출마하지 않기로 했다”고 했다. 자신의 전당대회 불출마 의지를 밝히면서 에둘러 정 대표에게 불출마를 요구한 것으로 해석된다. 강득구 최고위원도 지난 8일 이 대통령의 취임 1주년 기자회견 발언을 인용하며 “반드시 이겨야 할 곳을 졌다면 성공이라고 말할 수 없다는 대통령의 말씀을 무겁게 받아들인다. 지도부 모두가 무겁게 받아들여야 한다고 생각한다”고 했다. 당권파 최고위원들은 불편한 기색을 드러냈다. 문정복 최고위원은 “비난과 비판을 하기는 참 쉬운 일”이라고 했고, 정 대표가 임명한 박규환 지명직 최고위원은 “선거운동 과정과 결과를 함부로 폄훼하고 하늘에 제사를 지내는 마음으로 죽도록 싸운 동지를 조롱하는 행태는 바람직하지 않다는 점을 깊이 새기면 좋겠다”고 했다. 최고위원들의 공방을 지켜본 정 대표는 마무리 발언에서 “국민은 영원하고 정권은 짧다”고 했는데, 이를 두고 비당권파는 술렁였다. 정 대표는 회의 초반엔 “이재명 대통령의 6·3 지방선거에 대한 평가와 인식에 공감한다”고 몸을 낮췄다. 그러나 마무리 발언에선 “민심이 천심이다. 국민을 이기는 정권은 없다”는 말을 남겼다. 한 비당권파 의원은 “원론적인 이야기처럼 보이지만 실제로는 청와대를 향해 한 말 아니냐”고 했다. 이 대통령 순방 공항 환송 행사에 초대되지 않은 점 등에 대해 정 대표가 불편한 심기를 내비친 것이란 해석이다. 공항 환송 행사에 정 대표는 불참하고, 당권 경쟁자로 꼽히는 김민석 총리는 참석하도록 했던 것을 두고 청와대는 이날 “정치적 의미로 해석하는 것은 적절하지 않다”고 밝혔다. 청와대 관계자는 “중동 전쟁 장기화와 선관위 운영 상황 등 국내외 여건을 종합적으로 고려해 환송 인원을 최소화한 것”이라며 “총리 참석은 장기간 순방 일정 수행에 따른 내각 차원의 업무지시 및 당부사항 등을 전달하기 위한 것이었다”고 했다. ‘대표직 연임 도전 포기’ 요구에 직면한 정 대표는 적극적으로 돌파구를 찾는 모습이다. 그는 최고위 마무리 발언에서 “계파 보스, 낙하산에 의해 줄타기해서 공천받던 시대가 마감된 것이 노무현 시대 정치개혁이었다. 그것이 1인1표 당원 주권 시대로 이어졌다”며 당원들이 호응했던 ‘1인1표제 도입’이 자신의 성과라고 강조했다. 또 정 대표는 페이스북에 “국무회의도 생중계하는데 의원총회는 왜 비공개인가. 의원총회도 생중계하라고 (문자)들(을 당원들이) 많이 하신다. 당원 뜻을 받들어 그렇게 하도록 적극 추진하겠다”고 썼다. 방송인 김어준씨가 운영하는 ‘딴지일보’ 게시판에 “많은 고뇌와 회한의 밤을 보낸다. 하지만 결론은 항상 이재명 정부의 성공을 위한 다짐과 결의”라는 글도 남겼다. 한편, 김 총리는 이날 국회를 찾아 조정식 국회의장을 만났다. 조 의장은 김 총리에게 “(국회에 복귀하면) 풍부한 국정 경험을 갖춘 중진 의원으로 우리 정치와 국회가 한발 더 도약하는 데 큰 역할을 해줄 것을 기대한다”고 말했다. 김 총리는 “여당이 국정을 잘 뒷받침할 수 있게 하겠다. 여야가 국정을 잘 이끌어갈 수 있게 최대한 노력하며 의장과 상의드리겠다”고 했다. 책임론을 외피로 한 여당 내 당권투쟁의 조기 과열이 여권 전체에 작지 않은 상처를 낼 거란 우려도 나온다. 한 당권파 의원은 “당내 일각에서 정 대표를 향해 전대 불출마를 요구하니 되레 당원들은 정 대표를 중심으로 결집하고 있다고 본다”고 말했다. 다른 재선 의원은 “당권 싸움이 현직 대통령 대 현직 대표의 노골적인 힘 싸움이 될 경우 전당대회에서 누가 새 당대표로 뽑히건 엄청난 후폭풍이 닥칠 것”이라고 말했다.",https://www.hani.co.kr/arti/politics/politics_general/1262923.html
1262922,지방선거 져도 ‘계속 친윤당’…원내대표 ‘7표차 신승’이 쇄신 지렛대 될까,2026-06-10,정치,"당권파이자 원조 친윤석열계인 정점식 의원이 10일 국민의힘 새 원내대표에 당선된 것은 6·3 지방선거 패배 뒤에도 국민의힘이 전면 쇄신보다는 친윤 주류 체제 ‘안주’를 선택한 결과로 보인다. 당 안에서는 지방선거에서 패배하고도 전혀 달라진 게 없다는 비판이 나온다. 정점식 원내대표는 10일 국회에서 열린 원내대표 선거 결선투표에서 55표를 얻어 김도읍 의원(48표)을 단 7표 차로 따돌리고 당선됐다. 정 원내대표는 1차 투표에서는 과반 득표로 당선될 것으로 전망됐다. 그러나 1차 투표 결과 정 의원이 47표, 김도읍 의원이 39표, 성일종 의원이 20표를 얻어, 정 의원은 결선투표까지 치른 끝에 당선을 확정했다. 비당권파인 김 의원과 성 의원의 표를 합산하면 정 원내대표가 얻은 표보다 많았지만 결선투표에서 김 의원으로 쏠리지 않았다. 수도권의 한 의원은 “김도읍 의원이 한동훈 무소속 의원과 선 긋기에 실패해 ‘한동훈 포비아’를 가진 일부 비당권파의 표심까지 완전히 흡수하지 못했다”고 했다. 김 의원은 한 의원의 복당에 대해 ‘1년 이내엔 불가’라며 여지를 뒀다. 공안검사 출신인 정 원내대표는 윤석열 전 대통령과 서울대 법대 동문이자 사법연수원 선배로 윤석열 정부 당시 비상대책위원과 정책위의장 등을 맡아 ‘원조 친윤계 핵심’으로 분류된다. 영남에서 내리 3선을 한 그는 윤 전 대통령 탄핵과 2025년 대선 패배 뒤 출범한 송언석 비상대책위원회 체제에서 사무총장을, 장동혁 지도부에선 정책위의장을 맡았다. 정 원내대표는 당선 뒤 ‘도로 친윤당 아니냐’는 기자들의 물음에 “지적을 뼈아프게 받아들이겠다”면서도 “친윤이라는 계파 자체가 지금 존재하지 않는다고 생각한다”고 답했다. 정 원내대표의 당선으로 국민의힘은 거듭 친윤, 친장동혁계가 원내 주도권을 쥐게 됐다. 영남의 한 의원은 “대선 패배 이후에도 못 했던 주류 교체를 이번에도 실패한 것”이라며 “결국 두번의 선거 패배에도 달라진 게 없는 당의 모습을 고스란히 노출했다”고 말했다. 개혁파 성향의 한 의원은 “결국 다음 총선에서도 주류들이 공천권을 놓지 않겠다는 의지 아니겠나”라고 말했다. 당내 사퇴 여론이 들끓는 장동혁 대표 거취 문제도 당장 결론이 나긴 어려울 전망이다. 그는 원내대표 선거 과정에서 장 대표를 강제 사퇴시키는 것엔 반대한다며 의원들의 의견을 수렴해 정리를 하겠다는 뜻을 밝혀왔고, 당선 뒤에도 “의원들의 중의를 모아 집단지성을 발휘하겠다”고 말했다. 장 대표는 스스로 물러날 뜻이 없는 것으로 알려졌다. 한동훈 무소속 의원의 복당 문제도 정 원내대표가 풀어야 할 난제다. 그러나 정 의원이 결선투표 끝에 비당권파인 김도읍 의원에게 7표 차 신승하면서 당내 쇄신 요구를 무시할 수는 없을 것이라는 관측도 많다. 선거 결과 계엄과 윤 전 대통령 탄핵, 지방선거 패배를 겪으며 친윤, 구주류의 분화와 이탈이 확인됐다. 한 재선 의원은 “결과까지 바꾸진 못했지만, 반대표가 상당히 나오면서 개혁 흐름도 만만치 않다는 것은 보여줬다”고 말했다. 정 원내대표는 아울러 더불어민주당의 조작기소 특검법과 검찰 보완수사권 폐지 관련 형사소송법 등 입법 드라이브에 대응하고 후반기 국회 원 구성도 협의해야 한다. 정 원내대표는 “원 구성부터 단호하고 철저하게 임하겠다”고 말했다.",https://www.hani.co.kr/arti/politics/politics_general/1262922.html
1262920,7표차 신승 정점식… ‘친윤 사령탑’이 국민의힘 살릴까?[공덕포차],2026-06-10,정치,"정책위의장 등을 지낸 3선의 정점식 의원이 결선 끝에 국민의힘 새 원내대표로 선출됐습니다. 6·3 지방선거 참패와 당내 쇄신 요구가 들끓는 가운데 치러진 선거여서, 그 결과가 후반기 정국의 향방을 가를 분수령으로 주목받았습니다. 김도읍·정점식·성일종 의원이 맞붙은 1차 투표에서 정 원내대표가 47표, 김 의원이 39표, 성 의원이 20표를 받아 과반 득표자가 없었고, 국민의힘 역사상 첫 결선 투표로 이어졌습니다. 결선에서는 정 원내대표가 103표 중 55표, 김 의원이 48표를 얻어 7표 차의 신승이었습니다. 공안통 검사 출신으로 친윤석열계·당권파로 분류되는 정 원내대표는 당선 직후 “특정 세력의 목소리에 결코 휘둘리지 않겠다”고 밝혔습니다. 친윤계라는 평가에는 “뼈아프게 받아들이겠다”며 몸을 낮췄고, “우리에게 계파도 분열도 대립도 있을 수 없다”고 강조했습니다. 비당권파로 분류되는 김 의원이 결선에서 48표를 받은 만큼, 당내에 친윤 일색의 수습 노선을 향한 견제 심리가 상당하다는 점도 함께 드러났습니다. 박빙 끝에 원내 사령탑에 오른 정점식 의원, 그의 등판이 흔들리는 국민의힘의 향방에 어떤 변수가 될까요? 2030 세대가 지방선거 투표용지 부족 사태에 더 크게 분노하는 이유는 무엇일까요? 실제 선거 결과와 크게 어긋난 출구·여론조사, 왜 민심을 제대로 읽어내지 못했을까요? ‘공덕포차’에서 알아봅니다. 영상으로 확인하시죠! 제작진 책임 프로듀서 : 정은주 진행 : 성한용 출연 : 장형철 윤희웅 작가 : 박연신 타이틀 : 문석진 기술 : 박성영 카메라 : 장승호 자막그래픽디자인 : 정현선 행정: 김근영 연출 : 정주용 이규호 장지남 제작 : 한겨레TV",https://www.hani.co.kr/arti/politics/politics_general/1262920.html
1262914,"김 총리 “투표지 부족, ‘참정권 침해’로 공식표현…선관위, 해체 수준 개혁”",2026-06-10,정치,"김민석 국무총리가 10일 조정식 신임 국회의장과 만나 6·3 지방선거 투표용지 부족 사태와 관련해 “선거관리위원회 해체 수준의 강도 높은 개혁을 해야 한다”고 말했다. 청년 세대를 중심으로 쇄신 목소리가 분출하자, 정치권도 호응하는 모습이다. 김 총리는 이날 조 의장 취임 축하 인사차 국회를 찾아 관련 내용을 논의하고 “오늘 정부 전 부처에 이번 사태에 대해 ‘국민 참정권 침해’로 공식적인 표현을 통일하도록 지시를 내렸다”며 이렇게 말했다. 김 총리는 “이번 사태를 계기로 정부부터 국민 참정권 침해가 절대 있으면 안 된다는 경각심을 강하게 가져야 한다”며 “처음 경험해보는 민주주의의 난제로서의 선관위 개혁 문제에 대해서 국회가 국정조사를 주도하시는 것처럼 중심을 잘 잡아달라”고 했다. 조 의장은 11일 본회의를 열어 더불어민주당과 국민의힘이 제출한 국정조사 요구서를 보고받고 국정조사 특별위원회 구성에 나서겠다고 했다. 정치권에서는 헌법상 독립기관으로 견제와 감시 사각지대에 놓여 있던 선관위를 근본적으로 손봐야 한다는 공감대가 크다. 이날 18개 대학 총학생회가 시국선언에 나선 가운데, 보편적 참정권과 국민 기본권 침해에 문제를 제기하며 거리로 나선 20~30대 청년 세대의 목소리에 정치권이 응답해야 한다는 안팎의 요구도 커지고 있다. 민주당 한 초선 의원은 한겨레에 “이번 선거 이후 의원들 단체대화방에서도 ‘청년 세대에 대한 우리의 접근이 부족했다’는 자성의 목소리가 나왔다”며 “어디서부터 변화와 쇄신을 시작할 것인지에 대한 고민이 컸는데 선관위 문제와 결부돼 관련 논의가 더 진전될 필요가 있다”고 했다. 국민의힘 소속 영남권 재선 의원은 “가장 기본적인 투표용지 준비를 안 한 총체적인 선거 제도 부실인데 상상 못 할 일을 2030이 받아들일 수 있겠나”라며 “선관위를 해체 수준으로 개혁하라는 뜻이다. 진상이 규명되고 선관위를 개혁하면 논란도 해소될 것”이라고 했다. 김윤철 경희대 후마니타스칼리지 교수는 “단순히 선관위 책임론이나 재선거 여부에 그쳐서는 안 된다”며 “이번 사안이 청년들의 사회·경제적 삶의 현실을 개선하는 에너지로 이어질 수 있도록 해야 하고, 나아가 청년들이 자신의 삶을 바꿀 정책 논의에 적극 참여하는 계기가 돼야 한다”고 했다.",https://www.hani.co.kr/arti/politics/politics_general/1262914.html
1262911,"이 대통령, 선 넘는 개표소 봉쇄 시위대에 ‘경고’…“경찰 감금·폭행 용납 안돼”",2026-06-11,정치,"이재명 대통령이 10일 6·3 지방선거 투표용지 부족 사태로 열린 서울 올림픽공원 핸드볼경기장 봉쇄 시위 현장에서 경찰관이 감금된 것과 관련해 “현장 경찰관과 주변 시민들에 대한 비상식적인 폭력 행위가 더이상 벌어지지 않길 바란다”고 밝혔다. 이 대통령은 엑스(X·옛 트위터)에 관련 언론 기사를 공유하고 “잠실 시위 현장에 배치된 경찰관을 향한 일부 시위대의 모욕과 조롱이 도를 넘었다”며 이렇게 적었다. 이 대통령이 공유한 기사에는 지난 5일 잠실 시위 현장에 감금돼 시위 참가자들에게 “무전해봐라. 왜 아무도 연락이 안 오나” “왕따냐”라는 조롱을 들은 경찰관이 경찰청 내부 게시판에 ‘경권은 어디로’라는 제목의 글을 올렸다는 내용이 담겼다. 이 대통령은 “시민들의 자유로운 의사 표현과 토론은 마땅히 보장되어야 하지만, 선을 넘는 행위까지 용인할 수는 없다”고 했다. 이 대통령은 그러면서 “경찰관을 ‘가짜 경찰’로 몰거나, 욕설을 하고, 심지어는 감금과 폭행까지 서슴지 않고 있다고 한다. 도저히 납득할 수도 없고 용납하기도 어려운 일들이 백주 대낮에 버젓이 벌어지고 있다”고 말했다. 이 대통령은 이어 “경찰관도 누군가의 소중한 가족이며 제복을 입은 ‘시민’이다. 시민의 안전과 인권을 보호하고 있는 경찰에 대한 폭력 행위는 시민들을 위험에 빠뜨리고, 민주주의 공론장을 훼손하는 결과를 낳게 될 뿐”이라고 덧붙였다. 이 대통령은 “여러 어려움 속에서도 공동체의 질서 유지를 위해 헌신하고 있는 경찰관 여러분께 깊은 감사를 전한다”며 “잠실 시위 현장을 면밀하게 체크하고 있다”고 했다.",https://www.hani.co.kr/arti/politics/politics_general/1262911.html
1262878,"청, 김민석 총리의 이 대통령 환송 관련 “정치적 해석 부적절”",2026-06-10,정치,청와대가 김민석 국무총리의 이재명 대통령 순방 환송식 참석과 관련해 “정치적 의미로 해석하는 것은 적절하지 않다”고 말했다. 청와대는 10일 “중동전쟁 장기화와 선관위 운영 상황 등 국내외 여건을 종합적으로 고려해 환송 인원을 최소화한 것”이라며 이렇게 밝혔다. 전날 이 대통령이 주요 7개국(G7) 정상회의 참석을 위해 유럽 순방길에 오른 가운데 공항 환송식에 김 총리는 참석했지만 정청래 대표 등 여당 지도부는 불참한 것을 두고 뒷말이 나오자 수습에 나선 것이다. 민주당 안팎에선 이 대통령이 오는 8월 전당대회 도전 의사를 밝힌 김 총리에게 힘을 실은 것 아니냐는 해석이 나왔다. 청와대는 “총리의 참석은 장기간 순방 일정 수행에 따른 내각 차원의 업무지시 및 당부 사항 등을 전달하기 위한 것이었다”고 덧붙였다.,https://www.hani.co.kr/arti/politics/politics_general/1262878.html
1262876,"태국 창고 덮친 국정원, 7억명분 마약 원료 50t 찾았다…첫 국외 단속",2026-06-11,정치,"국가정보원이 태국 마약통제청(ONCB)과 함께 태국에 있는 마약 원료 창고를 급습해 약 50t의 원료를 압수했다고 10일 밝혔다. 압수한 원료는 마약으로 제조됐을 경우 7억명이 투약할 수 있는 양으로, 시가로는 8조4천억원대에 달한다. 국내 정보기관이 국외 마약 공급기지를 직접 단속한 건 이번이 처음이다. 국정원은 이날 보도자료를 내어 “지난 9일 태국 마약통제청과 합동으로 태국에 있는 마약 원료 물질 보관 창고 10개소를 급습, 마약 제조에 사용하려던 마약 원료 화학물질 49.98t을 전량 압수했다”고 밝혔다. 마약 원료 압수는 국정원이 지난 4월7일 태국 마약통제청의 긴급 요청으로 태국인 ‘마약왕’으로 불린 타파난을 국내에서 붙잡아 태국으로 송환한 게 계기가 됐다. 태국 마약통제청에 따르면, 타파난은 태국 내 마약의 절반 이상을 유통한 마약상이다. 당시 국정원은 타파난이 국내 병원에서 성형 시술을 받기 위해 입국한 것을 태국 정보당국과의 정보 공유를 통해 붙잡았다. 이어 양국 공조 수사를 통해 타파난이 해외에서 마약 원료 물질을 사들여 완제품을 만든 뒤 우리나라와 호주 등에 유통해온 것으로 분석하고, 태국에 대규모 마약 원료 물질 은닉 창고가 있다는 사실을 알아내 단속에 나섰다. 이재명 대통령은 이날 엑스(X·옛 트위터)에 이 소식이 담긴 언론 보도를 공유하며 “대한민국 국정원의 새모습이다. 잘 드는 칼은 쓰기에 따라 사람을 해칠 수도 살릴 수도 있다”고 적었다. 아누틴 찬위라꾼 태국 총리도 전날 작전이 끝난 뒤 현지 언론 브리핑에서 우리 정부와 국정원에 감사의 뜻을 전했다.",https://www.hani.co.kr/arti/politics/politics_general/1262876.html
1262867,"회의도 없이, 선관위 ‘투표용지 인쇄 50% 하한’ 사무총장이 결정",2026-06-10,정치,"6·3 지방선거 투표용지 부족 사태의 원인이 된 투표용지 인쇄비율 축소 결정이 중앙선거관리위원회 의결이 아닌 중앙선관위 사무총장 전결로 이뤄진 것으로 나타났다. 10일 임미애 더불어민주당 의원실이 중앙선관위로부터 제출받은 보고서를 보면, 중앙선관위는 지난해 12월10일 사무총장 전결로 제9회 전국동시지방선거 종합관리지침을 개정했다. 해당 지침에는 “선거일 투표용지 인쇄매수는 예상 사전투표율 및 최근 선거의 투표율 등을 감안하여 축소인쇄 필요성이 인정되는 경우 위원회 의결로 선거인수 50%(하한)를 기준으로 조정 가능하다”는 대목이 들어갔다. 이에 따라 투표용지 인쇄매수 하한은 기존 60%에서 50%로 줄었다. 같은 달 24일에는 공직선거 절차사무편람 개정 작업도 선거정책실장 전결로 이뤄졌다. 투표용지 인쇄매수 하한 기준은 2009년 80%에서, 2016년 70%, 2021년 60%, 2025년 50%로 계속 줄어들었다. 이날 조현욱 중앙선관위 투표용지 부족 사태 진상규명위원회 위원장은 경기도 과천시 중앙선관위 청사에서 1차 회의를 열고 “획기적 개선방안을 모색해 선거 공정성과 신뢰성이 침해되는 일이 없도록 선거관리 시스템 개혁을 제안하고 권고하겠다”고 말했다. 민주당 ‘선거제도 개혁 태스크포스(TF)’도 출범했다. 단장을 맡은 송기헌 의원은 “공직선거법과 선거관리위원회법을 비롯해 헌법까지도 관련된 모든 부분을 전문적으로 검토하고 국민의 참정권 보장을 최우선으로 삼아 입법 과제를 도출하겠다”며 “투표소 운영 인력 관리, 비상대응 체계 등 선거 때마다 반복되는 구조적 문제를 점검하고 국민의 신뢰를 얻을 수 있도록 개선 방안을 마련하겠다”고 했다.",https://www.hani.co.kr/arti/politics/politics_general/1262867.html
1262860,"이 대통령, 지지율 급락에 “겸허히 받아들여”…9.4%p 하락",2026-06-11,정치,"이재명 대통령이 6·3 지방선거 직후 지지율이 급락했다는 여론조사 결과가 나오자 “냉정한 국민의 평가를 겸허하게 받아들인다”며 10일 사과했다. 이 대통령은 지난 8일 취임 1주년 기자회견에서도 여당의 ‘반쪽승리’에 그친 지방선거 결과를 두고 “국민이 주는 경고”라며 자세를 낮춘 바 있다. 이 대통령은 이날 엑스(X·옛 트위터)에 국정지지율 관련 언론보도를 공유하며 “국민 여러분 죄송하다. 더 낮은 자세로 더 겸손하게, 더 넓게 벌리고 더 많이 포용하며 더 열심히 하겠다”고 밝혔다. 이 대통령이 공유한 보도에는 한국사회여론조사연구소(KSOI)가 지난 8∼9일 무선자동응답(ARS) 방식으로 실시해 이날 공개한 여론조사 결과가 담겼다. 조사 결과 이 대통령의 국정운영에 대해 ‘잘하고 있다’는 긍정 평가는 50.4%로 직전 조사(지난달 26∼27일) 대비 9.4%포인트 하락한 것으로 나타났다. ‘잘 못하고 있다’는 부정평가는 10.5%포인트 상승한 45.7%였다. 이 대통령 취임 뒤 같은 조사에서 긍·부정 격차가 오차 범위(95% 신뢰수준에 ±3.1%포인트) 안으로 좁혀진 것은 처음이다. 더불어민주당의 지지율도 동반하락한 것으로 나타났다. 민주당의 지지율은 직전 조사 때보다 4.7%포인트 하락한 38.6%였고, 국민의힘의 지지율은 6.5%포인트 상승한 38.1%였다. 국정 지지율 하락폭은 20대·30대, 부산·울산·경남에서 특히 컸다. 20대의 부정평가는 62.3% 30대의 부정평가는 59.9%로 직전 조사에 견줘 각각 14.8%포인트. 20.6% 포인트 상승했다. 부·울·경의 부정평가도 33.8%에서 52.4%로 18.6%포인트 늘었다. 케이에스오아이는 “선거 막판 국민의힘 지지층 결집세가 국정운영 평가에도 일부 반영된 것으로 볼 수 있다”며 “다만 긍정평가가 여전히 50% 선을 유지하고 있어 국정운영 동력이 크게 약화된 것으로 보기는 어려우며, 취임 1주년 기자회견에서 제시한 주요 국정 과제의 가시적 성과 창출 여부가 향후 국정 운영 평가를 좌우할 것으로 보인다”고 설명했다. 이 대통령이 여론조사 결과에 즉각적인 반응을 보인 것은 지방선거 뒤 나타난 지지율 하락세가 자칫 국정 동력 약화로 이어질 수 있다는 위기감 때문으로 보인다. 민주당은 당정 지지율 하락을 예의주시하고 있다. 민주당 지도부 관계자는 한겨레에 “보수층은 서울시장 선거 승리에 더해 중앙선거관리위원회 (투표용지 부족) 사태의 자극으로 응답을 많이 한 반면, 진보층의 응답률이 상당히 떨어졌을 수 있다”며 “(곧 나올) 전화면접조사 방식 여론조사 결과까지 봐야 할 것 같다”고 말했다. 영남 지역 선거를 도왔던 한 민주당 의원은 “선거 결과에 관한 평가나 자성의 목소리가 제대로 나오지 않고 있다. 당원들 사이 갈등은 지금도 이어지고 있다”며 “그 연장선에서 지지율이 낮아진 게 아닌가 싶다. 민주당에 대한 회초리라고 생각한다”고 했다.",https://www.hani.co.kr/arti/politics/politics_general/1262860.html
