word,pos
1938 타이완 여행기,NNP
1938 타이완 여행기;꽃피는 시절,NNP
개소리에 대하여,NNP
고갱이,NNP
구마시로 도루,NNP
구의 증명,NNP
국가에 대항하는 사회,NNP
김신회,NNP
김유원,NNP
김초엽,NNP
김혜진,NNP
끝맛,NNP
다리아 라벨,NNP
다섯째 아이,NNP
다자이 오사무,NNP
단요,NNP
달걀의 온기,NNP
달러구트 꿈 백화점,NNP
대니얼 카너먼,NNP
대프니 듀 모리에,NNP
데미안,NNP
도리스 레싱,NNP
돈 안 쓰면 죽는 병,NNP
라셀라스,NNP
래퍼와 공원,NNP
레베카,NNP
룰루 밀러,NNP
맥스 베이저먼,NNP
먹고 기도하고 사랑하라,NNP
모순,NNP
모우어,NNP
목요일에는 코코아를,NNP
무라카미 하루키,NNP
문미순,NNP
물고기는 존재하지 않는다,NNP
미확인 홀,NNP
박상미,NNP
백온유,NNP
백지 앞에서,NNP
북해에서,NNP
빵가게 재습격,NNP
사랑과 멸종을 바꿔 읽어보십시오,NNP
사서함 110호의 우편물,NNP
새뮤얼 존슨,NNP
생각에 관한 생각,NNP
생텍쥐페리,NNP
서은국,NNP
세계는 이렇게 바뀐다,NNP
송재홍,NNP
쇳돌,NNP
수레바퀴 아래에서;삶을 견디는 기쁨;싯다르타,NNP
스테판 츠바이크,NNP
아르투어 슈니츨러,NNP
아리스가와 아리스,NNP
아리스가와 아리스에게 바치는 일곱 가지 수수께끼,NNP
아무튼 여름,NNP
아오야마 미치코,NNP
안드레 애치먼,NNP
안보윤,NNP
안윤,NNP
앨리스 윈,NNP
야간 비행,NNP
약속의 세대,NNP
양귀자,NNP
양솽쯔,NNP
엘리자베스 길버트,NNP
예술가는 절대로 굶어 죽지 않는다,NNP
오디세이아,NNP
용의자 X의 헌신,NNP
우다영,NNP
우리가 겨울을 지나온 방식,NNP
우리가 빛의 속도로 갈 수 없다면,NNP
우리는 어떻게 공범이 되는가,NNP
우울한 마음도 습관입니다,NNP
운동하면 좋은 걸 누가 모르냐고요,NNP
웨하스 소년,NNP
유선혜,NNP
윤강은,NNP
이도우,NNP
이두온,NNP
이라영,NNP
이렇게 된 이상 포항으로 간다,NNP
이미예,NNP
이서수,NNP
이유리,NNP
인 메모리엄,NNP
인간 실격,NNP
임성순,NNP
자기개발의 정석,NNP
저편에서 이리가,NNP
전하영,NNP
정대건,NNP
정보라,NNP
정해연,NNP
제프 고인스,NNP
조지 오웰,NNP
천 년의 사랑,NNP
천선란,NNP
체스 이야기,NNP
최은영,NNP
최의택,NNP
최진영,NNP
카탈로니아 찬가,NNP
콜 미 바이 유어 네임,NNP
쾌적한 사회의 불쾌함,NNP
트리플 시리즈,NNP
팩트풀니스,NNP
팽이,NNP
피에르 클라스트르,NNP
하주원,NNP
한밤의 도박,NNP
한스 로슬링,NNP
해리 프랭크퍼트,NNP
해파리 만개,NNP
행복의 기원,NNP
헤다 가블레르,NNP
헤르만 헤세,NNP
헨리크 입센,NNP
헬프미 시스터,NNP
호메로스,NNP
홍학의 자리,NNP
히가시노 게이고,NNP
